04-Jan-99,1.1812
05-Jan-99,1.176
06-Jan-99,1.1636
07-Jan-99,1.1672
08-Jan-99,1.1554
11-Jan-99,1.1534
12-Jan-99,1.1548
13-Jan-99,1.1698
14-Jan-99,1.1689
15-Jan-99,1.1591
19-Jan-99,1.161
20-Jan-99,1.1575
21-Jan-99,1.1577
22-Jan-99,1.1582
25-Jan-99,1.1566
26-Jan-99,1.1577
27-Jan-99,1.1481
28-Jan-99,1.1395
29-Jan-99,1.1371
01-Feb-99,1.1303
02-Feb-99,1.1328
03-Feb-99,1.1339
04-Feb-99,1.1306
05-Feb-99,1.1283
08-Feb-99,1.1296
09-Feb-99,1.13
10-Feb-99,1.1331
11-Feb-99,1.1303
12-Feb-99,1.1282
16-Feb-99,1.1189
17-Feb-99,1.123
18-Feb-99,1.1223
19-Feb-99,1.1075
22-Feb-99,1.1037
23-Feb-99,1.0993
24-Feb-99,1.0972
25-Feb-99,1.1068
26-Feb-99,1.0995
01-Mar-99,1.0891
02-Mar-99,1.0931
03-Mar-99,1.0888
04-Mar-99,1.0824
05-Mar-99,1.0843
08-Mar-99,1.0899
09-Mar-99,1.0873
10-Mar-99,1.0961
11-Mar-99,1.0932
12-Mar-99,1.0936
15-Mar-99,1.093
16-Mar-99,1.0915
17-Mar-99,1.1015
18-Mar-99,1.099
19-Mar-99,1.0923
22-Mar-99,1.0915
23-Mar-99,1.0918
24-Mar-99,1.0921
25-Mar-99,1.0871
26-Mar-99,1.0743
29-Mar-99,1.0716
30-Mar-99,1.0732
31-Mar-99,1.0808
01-Apr-99,1.0782
02-Apr-99,1.0782
05-Apr-99,1.0706
06-Apr-99,1.0838
07-Apr-99,1.0784
08-Apr-99,1.0835
09-Apr-99,1.0786
12-Apr-99,1.0842
13-Apr-99,1.078
14-Apr-99,1.0779
15-Apr-99,1.0717
16-Apr-99,1.0688
19-Apr-99,1.0608
20-Apr-99,1.063
21-Apr-99,1.0612
22-Apr-99,1.0598
23-Apr-99,1.0634
26-Apr-99,1.059
27-Apr-99,1.0649
28-Apr-99,1.0616
29-Apr-99,1.0591
30-Apr-99,1.0564
03-May-99,1.0571
04-May-99,1.0593
05-May-99,1.0724
06-May-99,1.0779
07-May-99,1.0781
10-May-99,1.0787
11-May-99,1.072
12-May-99,1.0666
13-May-99,1.0626
14-May-99,1.065
17-May-99,1.0672
18-May-99,1.0672
19-May-99,1.0641
20-May-99,1.063
21-May-99,1.0577
24-May-99,1.0593
25-May-99,1.0587
26-May-99,1.0471
27-May-99,1.0439
28-May-99,1.0422
01-Jun-99,1.0449
02-Jun-99,1.0357
03-Jun-99,1.0355
04-Jun-99,1.0327
07-Jun-99,1.0296
08-Jun-99,1.0438
09-Jun-99,1.045
10-Jun-99,1.0477
11-Jun-99,1.0516
14-Jun-99,1.0416
15-Jun-99,1.042
16-Jun-99,1.0298
17-Jun-99,1.0329
18-Jun-99,1.0368
21-Jun-99,1.0323
22-Jun-99,1.0323
23-Jun-99,1.0316
24-Jun-99,1.0372
25-Jun-99,1.0448
28-Jun-99,1.0373
29-Jun-99,1.0337
30-Jun-99,1.031
01-Jul-99,1.0236
02-Jul-99,1.0244
06-Jul-99,1.0249
07-Jul-99,1.0224
08-Jul-99,1.0198
09-Jul-99,1.0186
12-Jul-99,1.0139
13-Jul-99,1.0176
14-Jul-99,1.0215
15-Jul-99,1.022
16-Jul-99,1.0203
19-Jul-99,1.0203
20-Jul-99,1.042
21-Jul-99,1.0526
22-Jul-99,1.0509
23-Jul-99,1.0497
26-Jul-99,1.0651
27-Jul-99,1.0627
28-Jul-99,1.0644
29-Jul-99,1.0719
30-Jul-99,1.0694
02-Aug-99,1.0661
03-Aug-99,1.068
04-Aug-99,1.0766
05-Aug-99,1.0793
06-Aug-99,1.077
09-Aug-99,1.0694
10-Aug-99,1.0752
11-Aug-99,1.066
12-Aug-99,1.0636
13-Aug-99,1.0568
16-Aug-99,1.0557
17-Aug-99,1.0525
18-Aug-99,1.0505
19-Aug-99,1.0643
20-Aug-99,1.0654
23-Aug-99,1.0553
24-Aug-99,1.0506
25-Aug-99,1.0461
26-Aug-99,1.0441
27-Aug-99,1.046
30-Aug-99,1.0445
31-Aug-99,1.0581
01-Sep-99,1.0582
02-Sep-99,1.0689
03-Sep-99,1.0605
07-Sep-99,1.0581
08-Sep-99,1.059
09-Sep-99,1.0543
10-Sep-99,1.0402
13-Sep-99,1.04
14-Sep-99,1.0408
15-Sep-99,1.0385
16-Sep-99,1.0418
17-Sep-99,1.0399
20-Sep-99,1.0408
21-Sep-99,1.046
22-Sep-99,1.05
23-Sep-99,1.0415
24-Sep-99,1.0466
27-Sep-99,1.0431
28-Sep-99,1.0509
29-Sep-99,1.0613
30-Sep-99,1.0643
01-Oct-99,1.0718
04-Oct-99,1.0703
05-Oct-99,1.0693
06-Oct-99,1.0704
07-Oct-99,1.0721
08-Oct-99,1.063
12-Oct-99,1.0737
13-Oct-99,1.0758
14-Oct-99,1.0799
15-Oct-99,1.0887
18-Oct-99,1.0863
19-Oct-99,1.0833
20-Oct-99,1.0765
21-Oct-99,1.0808
22-Oct-99,1.0678
25-Oct-99,1.0666
26-Oct-99,1.0578
27-Oct-99,1.0532
28-Oct-99,1.0519
29-Oct-99,1.0518
01-Nov-99,1.0494
02-Nov-99,1.0506
03-Nov-99,1.0485
04-Nov-99,1.044
05-Nov-99,1.04
08-Nov-99,1.0363
09-Nov-99,1.0401
10-Nov-99,1.0436
12-Nov-99,1.0315
15-Nov-99,1.0315
16-Nov-99,1.0312
17-Nov-99,1.0403
18-Nov-99,1.0297
19-Nov-99,1.0313
22-Nov-99,1.0327
23-Nov-99,1.0261
24-Nov-99,1.0176
26-Nov-99,1.0137
29-Nov-99,1.01
30-Nov-99,1.0077
01-Dec-99,1.0059
02-Dec-99,1.0023
03-Dec-99,1.0016
06-Dec-99,1.0252
07-Dec-99,1.0222
08-Dec-99,1.0263
09-Dec-99,1.0161
10-Dec-99,1.0158
13-Dec-99,1.012
14-Dec-99,1.0067
15-Dec-99,1.0066
16-Dec-99,1.0169
17-Dec-99,1.0088
20-Dec-99,1.0066
21-Dec-99,1.0093
22-Dec-99,1.008
23-Dec-99,1.0162
24-Dec-99,1.0128
27-Dec-99,1.0136
28-Dec-99,1.0068
29-Dec-99,1.0045
30-Dec-99,1.0024
31-Dec-99,1.007
03-Jan-00,1.0155
04-Jan-00,1.0309
05-Jan-00,1.0335
06-Jan-00,1.0324
07-Jan-00,1.0294
10-Jan-00,1.0252
11-Jan-00,1.0322
12-Jan-00,1.0281
13-Jan-00,1.027
14-Jan-00,1.0128
18-Jan-00,1.0121
19-Jan-00,1.0115
20-Jan-00,1.0133
21-Jan-00,1.01
24-Jan-00,1.0019
25-Jan-00,1.0041
26-Jan-00,1.0011
27-Jan-00,0.989
28-Jan-00,0.9765
31-Jan-00,0.9757
01-Feb-00,0.9731
02-Feb-00,0.9768
03-Feb-00,0.9887
04-Feb-00,0.976
07-Feb-00,0.9783
08-Feb-00,0.9862
09-Feb-00,0.9914
10-Feb-00,0.9865
11-Feb-00,0.9847
14-Feb-00,0.9783
15-Feb-00,0.9834
16-Feb-00,0.9842
17-Feb-00,0.9863
18-Feb-00,0.985
22-Feb-00,1.006
23-Feb-00,1.0017
24-Feb-00,0.9931
25-Feb-00,0.9763
28-Feb-00,0.9669
29-Feb-00,0.9643
01-Mar-00,0.97
02-Mar-00,0.9619
03-Mar-00,0.9618
06-Mar-00,0.9603
07-Mar-00,0.956
08-Mar-00,0.9576
09-Mar-00,0.9684
10-Mar-00,0.9659
13-Mar-00,0.9648
14-Mar-00,0.9644
15-Mar-00,0.9696
16-Mar-00,0.971
17-Mar-00,0.9694
20-Mar-00,0.971
21-Mar-00,0.9703
22-Mar-00,0.9608
23-Mar-00,0.9691
24-Mar-00,0.9724
27-Mar-00,0.9645
28-Mar-00,0.9614
29-Mar-00,0.9524
30-Mar-00,0.9594
31-Mar-00,0.9574
03-Apr-00,0.956
04-Apr-00,0.9588
05-Apr-00,0.9647
06-Apr-00,0.958
07-Apr-00,0.959
10-Apr-00,0.9588
11-Apr-00,0.9591
12-Apr-00,0.9551
13-Apr-00,0.9524
14-Apr-00,0.9564
17-Apr-00,0.955
18-Apr-00,0.9477
19-Apr-00,0.9369
20-Apr-00,0.9376
21-Apr-00,0.9379
24-Apr-00,0.9396
25-Apr-00,0.9265
26-Apr-00,0.9217
27-Apr-00,0.9083
28-Apr-00,0.9089
01-May-00,0.912
02-May-00,0.9068
03-May-00,0.8891
04-May-00,0.8907
05-May-00,0.8953
08-May-00,0.895
09-May-00,0.9023
10-May-00,0.9097
11-May-00,0.9021
12-May-00,0.908
15-May-00,0.9138
16-May-00,0.9053
17-May-00,0.8921
18-May-00,0.8952
19-May-00,0.8946
22-May-00,0.9036
23-May-00,0.9032
24-May-00,0.9096
25-May-00,0.9072
26-May-00,0.931
30-May-00,0.9314
31-May-00,0.9328
01-Jun-00,0.9307
02-Jun-00,0.9432
05-Jun-00,0.9471
06-Jun-00,0.957
07-Jun-00,0.96
08-Jun-00,0.9548
09-Jun-00,0.9526
12-Jun-00,0.9544
13-Jun-00,0.9619
14-Jun-00,0.959
15-Jun-00,0.953
16-Jun-00,0.9648
19-Jun-00,0.9622
20-Jun-00,0.9557
21-Jun-00,0.9455
22-Jun-00,0.9398
23-Jun-00,0.9358
26-Jun-00,0.9382
27-Jun-00,0.9444
28-Jun-00,0.9444
29-Jun-00,0.9515
30-Jun-00,0.9545
03-Jul-00,0.9526
05-Jul-00,0.9548
06-Jul-00,0.9527
07-Jul-00,0.9484
10-Jul-00,0.9521
11-Jul-00,0.9497
12-Jul-00,0.9401
13-Jul-00,0.9339
14-Jul-00,0.9374
17-Jul-00,0.9351
18-Jul-00,0.9322
19-Jul-00,0.9237
20-Jul-00,0.9292
21-Jul-00,0.9343
24-Jul-00,0.9314
25-Jul-00,0.9391
26-Jul-00,0.9413
27-Jul-00,0.9331
28-Jul-00,0.9246
31-Jul-00,0.9266
01-Aug-00,0.9228
02-Aug-00,0.9137
03-Aug-00,0.9042
04-Aug-00,0.9075
07-Aug-00,0.9105
08-Aug-00,0.9019
09-Aug-00,0.8991
10-Aug-00,0.9077
11-Aug-00,0.9046
14-Aug-00,0.9037
15-Aug-00,0.9135
16-Aug-00,0.9143
17-Aug-00,0.9152
18-Aug-00,0.9068
21-Aug-00,0.9027
22-Aug-00,0.8965
23-Aug-00,0.8967
24-Aug-00,0.9028
25-Aug-00,0.9024
28-Aug-00,0.9002
29-Aug-00,0.8966
30-Aug-00,0.8924
31-Aug-00,0.8878
01-Sep-00,0.8993
05-Sep-00,0.8876
06-Sep-00,0.8702
07-Sep-00,0.874
08-Sep-00,0.8664
11-Sep-00,0.8624
12-Sep-00,0.8596
13-Sep-00,0.864
14-Sep-00,0.8617
15-Sep-00,0.8572
18-Sep-00,0.8523
19-Sep-00,0.8514
20-Sep-00,0.8462
21-Sep-00,0.8558
22-Sep-00,0.8793
25-Sep-00,0.8738
26-Sep-00,0.8815
27-Sep-00,0.8805
28-Sep-00,0.8826
29-Sep-00,0.8837
02-Oct-00,0.8806
03-Oct-00,0.8741
04-Oct-00,0.8726
05-Oct-00,0.8685
06-Oct-00,0.868
10-Oct-00,0.8682
11-Oct-00,0.8715
12-Oct-00,0.8644
13-Oct-00,0.8568
16-Oct-00,0.8489
17-Oct-00,0.8507
18-Oct-00,0.8391
19-Oct-00,0.8406
20-Oct-00,0.84
23-Oct-00,0.8364
24-Oct-00,0.8364
25-Oct-00,0.827
26-Oct-00,0.8271
27-Oct-00,0.8406
30-Oct-00,0.8432
31-Oct-00,0.8486
01-Nov-00,0.8584
02-Nov-00,0.8594
03-Nov-00,0.8614
06-Nov-00,0.8584
07-Nov-00,0.8583
08-Nov-00,0.8559
09-Nov-00,0.8574
10-Nov-00,0.8625
13-Nov-00,0.8607
14-Nov-00,0.8573
15-Nov-00,0.857
16-Nov-00,0.8532
17-Nov-00,0.8516
20-Nov-00,0.8486
21-Nov-00,0.8458
22-Nov-00,0.8423
24-Nov-00,0.8382
27-Nov-00,0.85
28-Nov-00,0.8547
29-Nov-00,0.8577
30-Nov-00,0.8694
01-Dec-00,0.8765
04-Dec-00,0.8875
05-Dec-00,0.8804
06-Dec-00,0.8877
07-Dec-00,0.8891
08-Dec-00,0.8838
11-Dec-00,0.8771
12-Dec-00,0.8775
13-Dec-00,0.8755
14-Dec-00,0.8858
15-Dec-00,0.8981
18-Dec-00,0.8929
19-Dec-00,0.8902
20-Dec-00,0.9058
21-Dec-00,0.9112
22-Dec-00,0.923
26-Dec-00,0.9292
27-Dec-00,0.9304
28-Dec-00,0.9257
29-Dec-00,0.9388
02-Jan-01,0.9465
03-Jan-01,0.9473
04-Jan-01,0.9448
05-Jan-01,0.9535
08-Jan-01,0.9486
09-Jan-01,0.9397
10-Jan-01,0.9387
11-Jan-01,0.952
12-Jan-01,0.9486
16-Jan-01,0.9374
17-Jan-01,0.9306
18-Jan-01,0.9446
19-Jan-01,0.9363
22-Jan-01,0.9374
23-Jan-01,0.9389
24-Jan-01,0.9258
25-Jan-01,0.9219
26-Jan-01,0.9213
29-Jan-01,0.9181
30-Jan-01,0.9264
31-Jan-01,0.9308
01-Feb-01,0.9384
02-Feb-01,0.9357
05-Feb-01,0.9395
06-Feb-01,0.9304
07-Feb-01,0.9331
08-Feb-01,0.9184
09-Feb-01,0.9267
12-Feb-01,0.9287
13-Feb-01,0.9204
14-Feb-01,0.9197
15-Feb-01,0.9057
16-Feb-01,0.9162
20-Feb-01,0.9096
21-Feb-01,0.9077
22-Feb-01,0.9069
23-Feb-01,0.9095
26-Feb-01,0.9093
27-Feb-01,0.9128
28-Feb-01,0.9212
01-Mar-01,0.9291
02-Mar-01,0.934
05-Mar-01,0.9289
06-Mar-01,0.9313
07-Mar-01,0.9274
08-Mar-01,0.9281
09-Mar-01,0.9315
12-Mar-01,0.93
13-Mar-01,0.9148
14-Mar-01,0.9133
15-Mar-01,0.9046
16-Mar-01,0.8929
19-Mar-01,0.8985
20-Mar-01,0.9054
21-Mar-01,0.897
22-Mar-01,0.8881
23-Mar-01,0.8926
26-Mar-01,0.8955
27-Mar-01,0.891
28-Mar-01,0.8882
29-Mar-01,0.8807
30-Mar-01,0.8794
02-Apr-01,0.8824
03-Apr-01,0.893
04-Apr-01,0.9013
05-Apr-01,0.8976
06-Apr-01,0.9002
09-Apr-01,0.9014
10-Apr-01,0.8884
11-Apr-01,0.8856
12-Apr-01,0.8922
13-Apr-01,0.8888
16-Apr-01,0.8862
17-Apr-01,0.8814
18-Apr-01,0.8816
19-Apr-01,0.8909
20-Apr-01,0.9032
23-Apr-01,0.896
24-Apr-01,0.8946
25-Apr-01,0.8972
26-Apr-01,0.9011
27-Apr-01,0.8924
30-Apr-01,0.8874
01-May-01,0.8937
02-May-01,0.8925
03-May-01,0.8891
04-May-01,0.8934
07-May-01,0.8916
08-May-01,0.8848
09-May-01,0.8845
10-May-01,0.8792
11-May-01,0.8759
14-May-01,0.8748
15-May-01,0.8788
16-May-01,0.8842
17-May-01,0.8828
18-May-01,0.8774
21-May-01,0.8762
22-May-01,0.8657
23-May-01,0.8598
24-May-01,0.857
25-May-01,0.8577
29-May-01,0.8547
30-May-01,0.8576
31-May-01,0.8455
01-Jun-01,0.8452
04-Jun-01,0.8449
05-Jun-01,0.8504
06-Jun-01,0.8452
07-Jun-01,0.8506
08-Jun-01,0.8505
11-Jun-01,0.8425
12-Jun-01,0.8479
13-Jun-01,0.8536
14-Jun-01,0.8598
15-Jun-01,0.8628
18-Jun-01,0.861
19-Jun-01,0.8558
20-Jun-01,0.8506
21-Jun-01,0.8544
22-Jun-01,0.857
25-Jun-01,0.8611
26-Jun-01,0.8623
27-Jun-01,0.8621
28-Jun-01,0.847
29-Jun-01,0.8474
02-Jul-01,0.8455
03-Jul-01,0.8477
05-Jul-01,0.837
06-Jul-01,0.8465
09-Jul-01,0.8474
10-Jul-01,0.8557
11-Jul-01,0.8614
12-Jul-01,0.853
13-Jul-01,0.8527
16-Jul-01,0.8549
17-Jul-01,0.8549
18-Jul-01,0.8701
19-Jul-01,0.869
20-Jul-01,0.8713
23-Jul-01,0.8676
24-Jul-01,0.8752
25-Jul-01,0.8797
26-Jul-01,0.8765
27-Jul-01,0.8749
30-Jul-01,0.875
31-Jul-01,0.8752
01-Aug-01,0.8793
02-Aug-01,0.8813
03-Aug-01,0.8843
06-Aug-01,0.8802
07-Aug-01,0.8775
08-Aug-01,0.8778
09-Aug-01,0.8886
10-Aug-01,0.894
13-Aug-01,0.8983
14-Aug-01,0.9025
15-Aug-01,0.9114
16-Aug-01,0.9138
17-Aug-01,0.9165
20-Aug-01,0.9127
21-Aug-01,0.9115
22-Aug-01,0.9194
23-Aug-01,0.9166
24-Aug-01,0.9116
27-Aug-01,0.9098
28-Aug-01,0.9102
29-Aug-01,0.9097
30-Aug-01,0.9154
31-Aug-01,0.909
04-Sep-01,0.8868
05-Sep-01,0.8897
06-Sep-01,0.8943
07-Sep-01,0.9044
10-Sep-01,0.8988
12-Sep-01,0.9069
13-Sep-01,0.9089
14-Sep-01,0.9199
17-Sep-01,0.9198
18-Sep-01,0.9233
19-Sep-01,0.931
20-Sep-01,0.9255
21-Sep-01,0.9099
24-Sep-01,0.9135
25-Sep-01,0.9222
26-Sep-01,0.9231
27-Sep-01,0.9181
28-Sep-01,0.9099
01-Oct-01,0.9159
02-Oct-01,0.9149
03-Oct-01,0.9181
04-Oct-01,0.9141
05-Oct-01,0.9168
09-Oct-01,0.915
10-Oct-01,0.9118
11-Oct-01,0.9008
12-Oct-01,0.9078
15-Oct-01,0.9077
16-Oct-01,0.9094
17-Oct-01,0.9065
18-Oct-01,0.9025
19-Oct-01,0.8987
22-Oct-01,0.8906
23-Oct-01,0.8893
24-Oct-01,0.8925
25-Oct-01,0.8965
26-Oct-01,0.8921
29-Oct-01,0.9037
30-Oct-01,0.906
31-Oct-01,0.8993
01-Nov-01,0.9044
02-Nov-01,0.9037
05-Nov-01,0.8963
06-Nov-01,0.8975
07-Nov-01,0.8999
08-Nov-01,0.891
09-Nov-01,0.8935
13-Nov-01,0.8811
14-Nov-01,0.8829
15-Nov-01,0.8813
16-Nov-01,0.8849
19-Nov-01,0.8781
20-Nov-01,0.8832
21-Nov-01,0.8781
23-Nov-01,0.877
26-Nov-01,0.8811
27-Nov-01,0.8812
28-Nov-01,0.8863
29-Nov-01,0.8879
30-Nov-01,0.8958
03-Dec-01,0.8897
04-Dec-01,0.8898
05-Dec-01,0.8856
06-Dec-01,0.8916
07-Dec-01,0.8905
10-Dec-01,0.8884
11-Dec-01,0.8904
12-Dec-01,0.8945
13-Dec-01,0.8976
14-Dec-01,0.9044
17-Dec-01,0.904
18-Dec-01,0.9019
19-Dec-01,0.8997
20-Dec-01,0.8972
21-Dec-01,0.8864
24-Dec-01,0.8773
26-Dec-01,0.8778
27-Dec-01,0.8843
28-Dec-01,0.8822
31-Dec-01,0.8901
02-Jan-02,0.9031
03-Jan-02,0.8992
04-Jan-02,0.8946
07-Jan-02,0.8931
08-Jan-02,0.8925
09-Jan-02,0.8882
10-Jan-02,0.8925
11-Jan-02,0.8905
14-Jan-02,0.8935
15-Jan-02,0.8913
16-Jan-02,0.8834
17-Jan-02,0.88
18-Jan-02,0.8844
22-Jan-02,0.8838
23-Jan-02,0.8836
24-Jan-02,0.8782
25-Jan-02,0.8655
28-Jan-02,0.8605
29-Jan-02,0.8643
30-Jan-02,0.8648
31-Jan-02,0.8594
01-Feb-02,0.8613
04-Feb-02,0.8685
05-Feb-02,0.8672
06-Feb-02,0.8693
07-Feb-02,0.869
08-Feb-02,0.8727
11-Feb-02,0.8778
12-Feb-02,0.8768
13-Feb-02,0.873
14-Feb-02,0.8713
15-Feb-02,0.873
19-Feb-02,0.8764
20-Feb-02,0.8705
21-Feb-02,0.8712
22-Feb-02,0.8757
25-Feb-02,0.8713
26-Feb-02,0.8682
27-Feb-02,0.8642
28-Feb-02,0.8658
01-Mar-02,0.8652
04-Mar-02,0.8705
05-Mar-02,0.8699
06-Mar-02,0.8772
07-Mar-02,0.8795
08-Mar-02,0.8752
11-Mar-02,0.8768
12-Mar-02,0.8759
13-Mar-02,0.877
14-Mar-02,0.8816
15-Mar-02,0.8823
18-Mar-02,0.8826
19-Mar-02,0.8805
20-Mar-02,0.8836
21-Mar-02,0.8836
22-Mar-02,0.8791
25-Mar-02,0.8768
26-Mar-02,0.8767
27-Mar-02,0.8726
28-Mar-02,0.8711
29-Mar-02,0.8717
01-Apr-02,0.8806
02-Apr-02,0.8782
03-Apr-02,0.8804
04-Apr-02,0.8779
05-Apr-02,0.8805
08-Apr-02,0.875
09-Apr-02,0.8793
10-Apr-02,0.8794
11-Apr-02,0.8829
12-Apr-02,0.8792
15-Apr-02,0.8802
16-Apr-02,0.883
17-Apr-02,0.8885
18-Apr-02,0.8898
19-Apr-02,0.8893
22-Apr-02,0.8877
23-Apr-02,0.8897
24-Apr-02,0.8915
25-Apr-02,0.8978
26-Apr-02,0.898
29-Apr-02,0.9028
30-Apr-02,0.9002
01-May-02,0.9062
02-May-02,0.9032
03-May-02,0.9133
06-May-02,0.9166
07-May-02,0.9148
08-May-02,0.904
09-May-02,0.9088
10-May-02,0.9116
13-May-02,0.9107
14-May-02,0.9022
15-May-02,0.9074
16-May-02,0.9105
17-May-02,0.9206
20-May-02,0.9213
21-May-02,0.9191
22-May-02,0.9265
23-May-02,0.9233
24-May-02,0.922
28-May-02,0.9285
29-May-02,0.9313
30-May-02,0.9373
31-May-02,0.9339
03-Jun-02,0.939
04-Jun-02,0.9424
05-Jun-02,0.9391
06-Jun-02,0.9457
07-Jun-02,0.9449
10-Jun-02,0.9446
11-Jun-02,0.9445
12-Jun-02,0.9473
13-Jun-02,0.944
14-Jun-02,0.9448
17-Jun-02,0.9442
18-Jun-02,0.9483
19-Jun-02,0.9544
20-Jun-02,0.9646
21-Jun-02,0.9705
24-Jun-02,0.9786
25-Jun-02,0.9692
26-Jun-02,0.9825
27-Jun-02,0.9885
28-Jun-02,0.9856
01-Jul-02,0.9893
02-Jul-02,0.984
03-Jul-02,0.9816
05-Jul-02,0.973
08-Jul-02,0.9869
09-Jul-02,0.9938
10-Jul-02,0.989
11-Jul-02,0.9927
12-Jul-02,0.9904
15-Jul-02,1.0072
16-Jul-02,1.0087
17-Jul-02,1.0078
18-Jul-02,1.0067
19-Jul-02,1.0156
22-Jul-02,1.0098
23-Jul-02,0.9933
24-Jul-02,0.9945
25-Jul-02,0.9997
26-Jul-02,0.9882
29-Jul-02,0.9779
30-Jul-02,0.9879
31-Jul-02,0.9796
01-Aug-02,0.9843
02-Aug-02,0.9882
05-Aug-02,0.9846
06-Aug-02,0.964
07-Aug-02,0.9738
08-Aug-02,0.9653
09-Aug-02,0.9714
12-Aug-02,0.9778
13-Aug-02,0.9787
14-Aug-02,0.9867
15-Aug-02,0.9816
16-Aug-02,0.9836
19-Aug-02,0.9775
20-Aug-02,0.9779
21-Aug-02,0.9796
22-Aug-02,0.9697
23-Aug-02,0.9726
26-Aug-02,0.9731
27-Aug-02,0.9814
28-Aug-02,0.982
29-Aug-02,0.9829
30-Aug-02,0.9806
03-Sep-02,0.9959
04-Sep-02,0.9923
05-Sep-02,0.9911
06-Sep-02,0.9843
09-Sep-02,0.9817
10-Sep-02,0.9752
11-Sep-02,0.9724
12-Sep-02,0.9761
13-Sep-02,0.9743
16-Sep-02,0.9723
17-Sep-02,0.9685
18-Sep-02,0.9789
19-Sep-02,0.9817
20-Sep-02,0.9839
23-Sep-02,0.9822
24-Sep-02,0.9815
25-Sep-02,0.9797
26-Sep-02,0.9755
27-Sep-02,0.9772
30-Sep-02,0.9879
01-Oct-02,0.9859
02-Oct-02,0.9842
03-Oct-02,0.9871
04-Oct-02,0.9821
07-Oct-02,0.9816
08-Oct-02,0.9796
09-Oct-02,0.9868
10-Oct-02,0.9861
11-Oct-02,0.9854
15-Oct-02,0.981
16-Oct-02,0.9824
17-Oct-02,0.9718
18-Oct-02,0.9708
21-Oct-02,0.9732
22-Oct-02,0.9782
23-Oct-02,0.9772
24-Oct-02,0.9742
25-Oct-02,0.9767
28-Oct-02,0.9843
29-Oct-02,0.9851
30-Oct-02,0.9835
31-Oct-02,0.9881
01-Nov-02,0.9971
04-Nov-02,0.9953
05-Nov-02,0.9994
06-Nov-02,0.9974
07-Nov-02,1.0092
08-Nov-02,1.0139
12-Nov-02,1.0105
13-Nov-02,1.006
14-Nov-02,1.0034
15-Nov-02,1.0082
18-Nov-02,1.0083
19-Nov-02,1.0107
20-Nov-02,1.0024
21-Nov-02,0.9984
22-Nov-02,0.9966
25-Nov-02,0.9937
26-Nov-02,0.9913
27-Nov-02,0.9895
29-Nov-02,0.9932
02-Dec-02,0.9927
03-Dec-02,0.9968
04-Dec-02,0.9999
05-Dec-02,0.9989
06-Dec-02,1.0081
09-Dec-02,1.0088
10-Dec-02,1.0073
11-Dec-02,1.0083
12-Dec-02,1.0189
13-Dec-02,1.0226
16-Dec-02,1.021
17-Dec-02,1.0267
18-Dec-02,1.0254
19-Dec-02,1.0217
20-Dec-02,1.0268
23-Dec-02,1.0217
24-Dec-02,1.0305
26-Dec-02,1.0358
27-Dec-02,1.0411
30-Dec-02,1.046
31-Dec-02,1.0485
02-Jan-03,1.0361
03-Jan-03,1.0418
06-Jan-03,1.0469
07-Jan-03,1.0419
08-Jan-03,1.0447
09-Jan-03,1.0467
10-Jan-03,1.0535
13-Jan-03,1.0535
14-Jan-03,1.0571
15-Jan-03,1.0576
16-Jan-03,1.0569
17-Jan-03,1.066
21-Jan-03,1.0677
22-Jan-03,1.0729
23-Jan-03,1.0767
24-Jan-03,1.0825
27-Jan-03,1.0838
28-Jan-03,1.0833
29-Jan-03,1.0861
30-Jan-03,1.0776
31-Jan-03,1.0739
03-Feb-03,1.0761
04-Feb-03,1.0875
05-Feb-03,1.0842
06-Feb-03,1.0828
07-Feb-03,1.0801
10-Feb-03,1.074
11-Feb-03,1.0747
12-Feb-03,1.0716
13-Feb-03,1.0834
14-Feb-03,1.0799
18-Feb-03,1.0708
19-Feb-03,1.0744
20-Feb-03,1.0821
21-Feb-03,1.0787
24-Feb-03,1.0783
25-Feb-03,1.0782
26-Feb-03,1.0797
27-Feb-03,1.0763
28-Feb-03,1.0779
03-Mar-03,1.0835
04-Mar-03,1.0883
05-Mar-03,1.0967
06-Mar-03,1.0997
07-Mar-03,1.1014
10-Mar-03,1.1062
11-Mar-03,1.1028
12-Mar-03,1.1023
13-Mar-03,1.087
14-Mar-03,1.0725
17-Mar-03,1.0606
18-Mar-03,1.0624
19-Mar-03,1.059
20-Mar-03,1.0613
21-Mar-03,1.0545
24-Mar-03,1.0644
25-Mar-03,1.0673
26-Mar-03,1.0677
27-Mar-03,1.0708
28-Mar-03,1.0762
31-Mar-03,1.09
01-Apr-03,1.0904
02-Apr-03,1.0765
03-Apr-03,1.0736
04-Apr-03,1.0711
07-Apr-03,1.0621
08-Apr-03,1.0684
09-Apr-03,1.0722
10-Apr-03,1.0803
11-Apr-03,1.0751
14-Apr-03,1.0773
15-Apr-03,1.0801
16-Apr-03,1.0872
17-Apr-03,1.0907
18-Apr-03,1.0882
21-Apr-03,1.0857
22-Apr-03,1.0966
23-Apr-03,1.0949
24-Apr-03,1.1039
25-Apr-03,1.104
28-Apr-03,1.0999
29-Apr-03,1.101
30-Apr-03,1.118
01-May-03,1.1238
02-May-03,1.12
05-May-03,1.1271
06-May-03,1.1354
07-May-03,1.134
08-May-03,1.1453
09-May-03,1.1498
12-May-03,1.1557
13-May-03,1.1499
14-May-03,1.1498
15-May-03,1.1457
16-May-03,1.1542
19-May-03,1.1686
20-May-03,1.1685
21-May-03,1.1707
22-May-03,1.17
23-May-03,1.1786
27-May-03,1.1853
28-May-03,1.1742
29-May-03,1.1835
30-May-03,1.1766
02-Jun-03,1.1744
03-Jun-03,1.1702
04-Jun-03,1.1708
05-Jun-03,1.187
06-Jun-03,1.1695
09-Jun-03,1.1743
10-Jun-03,1.1686
11-Jun-03,1.1764
12-Jun-03,1.1767
13-Jun-03,1.183
16-Jun-03,1.1843
17-Jun-03,1.1812
18-Jun-03,1.171
19-Jun-03,1.1678
20-Jun-03,1.1616
23-Jun-03,1.1548
24-Jun-03,1.1498
25-Jun-03,1.1592
26-Jun-03,1.1429
27-Jun-03,1.1423
30-Jun-03,1.1502
01-Jul-03,1.158
02-Jul-03,1.1524
03-Jul-03,1.1503
07-Jul-03,1.1341
08-Jul-03,1.1265
09-Jul-03,1.1311
10-Jul-03,1.139
11-Jul-03,1.1304
14-Jul-03,1.1298
15-Jul-03,1.1233
16-Jul-03,1.1209
17-Jul-03,1.1164
18-Jul-03,1.1239
21-Jul-03,1.1346
22-Jul-03,1.1325
23-Jul-03,1.1484
24-Jul-03,1.1441
25-Jul-03,1.1513
28-Jul-03,1.1497
29-Jul-03,1.1466
30-Jul-03,1.1367
31-Jul-03,1.1231
01-Aug-03,1.1252
04-Aug-03,1.1337
05-Aug-03,1.1349
06-Aug-03,1.1357
07-Aug-03,1.139
08-Aug-03,1.1321
11-Aug-03,1.1349
12-Aug-03,1.1304
13-Aug-03,1.1317
14-Aug-03,1.1249
15-Aug-03,1.1255
18-Aug-03,1.1138
19-Aug-03,1.1117
20-Aug-03,1.1104
21-Aug-03,1.0976
22-Aug-03,1.0871
25-Aug-03,1.0892
26-Aug-03,1.0893
27-Aug-03,1.0906
28-Aug-03,1.0896
29-Aug-03,1.0986
02-Sep-03,1.0872
03-Sep-03,1.0845
04-Sep-03,1.0899
05-Sep-03,1.1073
08-Sep-03,1.1124
09-Sep-03,1.119
10-Sep-03,1.1195
11-Sep-03,1.1186
12-Sep-03,1.1307
15-Sep-03,1.1304
16-Sep-03,1.1166
17-Sep-03,1.1239
18-Sep-03,1.124
19-Sep-03,1.1346
22-Sep-03,1.1468
23-Sep-03,1.1487
24-Sep-03,1.1472
25-Sep-03,1.1484
26-Sep-03,1.1482
29-Sep-03,1.1578
30-Sep-03,1.165
01-Oct-03,1.1708
02-Oct-03,1.1717
03-Oct-03,1.1596
06-Oct-03,1.1706
07-Oct-03,1.1784
08-Oct-03,1.1805
09-Oct-03,1.1695
10-Oct-03,1.1812
14-Oct-03,1.1724
15-Oct-03,1.1652
16-Oct-03,1.1665
17-Oct-03,1.163
20-Oct-03,1.1671
21-Oct-03,1.1676
22-Oct-03,1.1805
23-Oct-03,1.1795
24-Oct-03,1.1833
27-Oct-03,1.1762
28-Oct-03,1.1689
29-Oct-03,1.1673
30-Oct-03,1.1694
31-Oct-03,1.1609
03-Nov-03,1.1454
04-Nov-03,1.1497
05-Nov-03,1.1473
06-Nov-03,1.1417
07-Nov-03,1.1505
10-Nov-03,1.1515
12-Nov-03,1.1647
13-Nov-03,1.1711
14-Nov-03,1.1743
17-Nov-03,1.1744
18-Nov-03,1.1893
19-Nov-03,1.1909
20-Nov-03,1.1895
21-Nov-03,1.1913
24-Nov-03,1.1768
25-Nov-03,1.1785
26-Nov-03,1.1918
28-Nov-03,1.1995
01-Dec-03,1.1956
02-Dec-03,1.2084
03-Dec-03,1.2093
04-Dec-03,1.2077
05-Dec-03,1.2157
08-Dec-03,1.2217
09-Dec-03,1.2229
10-Dec-03,1.2215
11-Dec-03,1.2164
12-Dec-03,1.2284
15-Dec-03,1.229
16-Dec-03,1.2328
17-Dec-03,1.2381
18-Dec-03,1.2376
19-Dec-03,1.238
22-Dec-03,1.2415
23-Dec-03,1.2406
24-Dec-03,1.2464
26-Dec-03,1.2441
29-Dec-03,1.2485
30-Dec-03,1.2521
31-Dec-03,1.2597
02-Jan-04,1.2592
05-Jan-04,1.2679
06-Jan-04,1.2773
07-Jan-04,1.2665
08-Jan-04,1.2772
09-Jan-04,1.2853
12-Jan-04,1.2802
13-Jan-04,1.2735
14-Jan-04,1.2726
15-Jan-04,1.2588
16-Jan-04,1.2395
20-Jan-04,1.2584
21-Jan-04,1.2617
22-Jan-04,1.2717
23-Jan-04,1.261
26-Jan-04,1.2552
27-Jan-04,1.2643
28-Jan-04,1.262
29-Jan-04,1.2389
30-Jan-04,1.2452
02-Feb-04,1.2426
03-Feb-04,1.2561
04-Feb-04,1.2552
05-Feb-04,1.2606
06-Feb-04,1.2694
09-Feb-04,1.2672
10-Feb-04,1.2727
11-Feb-04,1.2815
12-Feb-04,1.2807
13-Feb-04,1.2751
17-Feb-04,1.2848
18-Feb-04,1.2812
19-Feb-04,1.2685
20-Feb-04,1.2563
23-Feb-04,1.2569
24-Feb-04,1.2692
25-Feb-04,1.2503
26-Feb-04,1.2444
27-Feb-04,1.2441
01-Mar-04,1.2431
02-Mar-04,1.2212
03-Mar-04,1.2088
04-Mar-04,1.2225
05-Mar-04,1.2401
08-Mar-04,1.2371
09-Mar-04,1.2428
10-Mar-04,1.2226
11-Mar-04,1.2268
12-Mar-04,1.2191
15-Mar-04,1.2243
16-Mar-04,1.227
17-Mar-04,1.2197
18-Mar-04,1.2392
19-Mar-04,1.2269
22-Mar-04,1.2368
23-Mar-04,1.2311
24-Mar-04,1.2213
25-Mar-04,1.217
26-Mar-04,1.2092
29-Mar-04,1.2141
30-Mar-04,1.2202
31-Mar-04,1.2292
01-Apr-04,1.2358
02-Apr-04,1.2109
05-Apr-04,1.2008
06-Apr-04,1.2089
07-Apr-04,1.2171
08-Apr-04,1.2088
09-Apr-04,1.2102
12-Apr-04,1.2068
13-Apr-04,1.1923
14-Apr-04,1.194
15-Apr-04,1.1914
16-Apr-04,1.2025
19-Apr-04,1.2019
20-Apr-04,1.191
21-Apr-04,1.1853
22-Apr-04,1.1861
23-Apr-04,1.1802
26-Apr-04,1.1851
27-Apr-04,1.1927
28-Apr-04,1.183
29-Apr-04,1.1945
30-Apr-04,1.1975
03-May-04,1.1937
04-May-04,1.2076
05-May-04,1.2165
06-May-04,1.209
07-May-04,1.1885
10-May-04,1.1834
11-May-04,1.1818
12-May-04,1.1911
13-May-04,1.1801
14-May-04,1.1874
17-May-04,1.2009
18-May-04,1.1971
19-May-04,1.2015
20-May-04,1.1926
21-May-04,1.2009
24-May-04,1.1978
25-May-04,1.2107
26-May-04,1.2102
27-May-04,1.2274
28-May-04,1.2217
01-Jun-04,1.221
02-Jun-04,1.225
03-Jun-04,1.2205
04-Jun-04,1.2258
07-Jun-04,1.232
08-Jun-04,1.2273
09-Jun-04,1.2097
10-Jun-04,1.211
11-Jun-04,1.2011
14-Jun-04,1.2073
15-Jun-04,1.2139
16-Jun-04,1.2006
17-Jun-04,1.204
18-Jun-04,1.2118
21-Jun-04,1.211
22-Jun-04,1.2092
23-Jun-04,1.209
24-Jun-04,1.217
25-Jun-04,1.2145
28-Jun-04,1.2193
29-Jun-04,1.2124
30-Jun-04,1.2179
01-Jul-04,1.2158
02-Jul-04,1.2307
06-Jul-04,1.229
07-Jul-04,1.2384
08-Jul-04,1.239
09-Jul-04,1.2388
12-Jul-04,1.2409
13-Jul-04,1.2302
14-Jul-04,1.2385
15-Jul-04,1.2373
16-Jul-04,1.2437
19-Jul-04,1.2431
20-Jul-04,1.2377
21-Jul-04,1.2224
22-Jul-04,1.2273
23-Jul-04,1.2122
26-Jul-04,1.2135
27-Jul-04,1.2056
28-Jul-04,1.2046
29-Jul-04,1.207
30-Jul-04,1.2032
02-Aug-04,1.2034
03-Aug-04,1.2051
04-Aug-04,1.2057
05-Aug-04,1.205
06-Aug-04,1.2272
09-Aug-04,1.2261
10-Aug-04,1.2306
11-Aug-04,1.2222
12-Aug-04,1.2224
13-Aug-04,1.2354
16-Aug-04,1.2333
17-Aug-04,1.2329
18-Aug-04,1.2299
19-Aug-04,1.2368
20-Aug-04,1.2324
23-Aug-04,1.2196
24-Aug-04,1.2099
25-Aug-04,1.209
26-Aug-04,1.2084
27-Aug-04,1.2025
30-Aug-04,1.2049
31-Aug-04,1.2183
01-Sep-04,1.2179
02-Sep-04,1.2164
03-Sep-04,1.2052
07-Sep-04,1.2093
08-Sep-04,1.2164
09-Sep-04,1.2189
10-Sep-04,1.2282
13-Sep-04,1.2251
14-Sep-04,1.2268
15-Sep-04,1.2144
16-Sep-04,1.2154
17-Sep-04,1.2174
20-Sep-04,1.2172
21-Sep-04,1.2264
22-Sep-04,1.2261
23-Sep-04,1.2298
24-Sep-04,1.2256
27-Sep-04,1.2307
28-Sep-04,1.2306
29-Sep-04,1.2308
30-Sep-04,1.2417
01-Oct-04,1.24
04-Oct-04,1.2274
05-Oct-04,1.2316
06-Oct-04,1.2298
07-Oct-04,1.2286
08-Oct-04,1.2418
12-Oct-04,1.232
13-Oct-04,1.2271
14-Oct-04,1.2393
15-Oct-04,1.2478
18-Oct-04,1.252
19-Oct-04,1.2515
20-Oct-04,1.2627
21-Oct-04,1.2622
22-Oct-04,1.2639
25-Oct-04,1.2783
26-Oct-04,1.2758
27-Oct-04,1.2725
28-Oct-04,1.2759
29-Oct-04,1.2746
01-Nov-04,1.2741
02-Nov-04,1.2703
03-Nov-04,1.2787
04-Nov-04,1.2883
05-Nov-04,1.2938
08-Nov-04,1.2936
09-Nov-04,1.293
10-Nov-04,1.2925
12-Nov-04,1.2973
15-Nov-04,1.2944
16-Nov-04,1.2979
17-Nov-04,1.3031
18-Nov-04,1.2982
19-Nov-04,1.3059
22-Nov-04,1.3048
23-Nov-04,1.309
24-Nov-04,1.3162
26-Nov-04,1.3288
29-Nov-04,1.3286
30-Nov-04,1.3259
01-Dec-04,1.3308
02-Dec-04,1.3268
03-Dec-04,1.339
06-Dec-04,1.3431
07-Dec-04,1.3437
08-Dec-04,1.3252
09-Dec-04,1.3274
10-Dec-04,1.3224
13-Dec-04,1.3309
14-Dec-04,1.328
15-Dec-04,1.3429
16-Dec-04,1.3287
17-Dec-04,1.3295
20-Dec-04,1.3396
21-Dec-04,1.3377
22-Dec-04,1.339
23-Dec-04,1.3491
24-Dec-04,1.3536
27-Dec-04,1.3625
28-Dec-04,1.3621
29-Dec-04,1.3568
30-Dec-04,1.3623
31-Dec-04,1.3538
03-Jan-05,1.3476
04-Jan-05,1.3295
05-Jan-05,1.3292
06-Jan-05,1.3187
07-Jan-05,1.3062
10-Jan-05,1.3109
11-Jan-05,1.3161
12-Jan-05,1.3281
13-Jan-05,1.3207
14-Jan-05,1.3106
18-Jan-05,1.3043
19-Jan-05,1.3036
20-Jan-05,1.2959
21-Jan-05,1.3049
24-Jan-05,1.3041
25-Jan-05,1.2954
26-Jan-05,1.3081
27-Jan-05,1.3032
28-Jan-05,1.3033
31-Jan-05,1.3049
01-Feb-05,1.3017
02-Feb-05,1.3015
03-Feb-05,1.2959
04-Feb-05,1.2927
07-Feb-05,1.2773
08-Feb-05,1.2783
09-Feb-05,1.2797
10-Feb-05,1.2882
11-Feb-05,1.2864
14-Feb-05,1.2981
15-Feb-05,1.2986
16-Feb-05,1.2994
17-Feb-05,1.3083
18-Feb-05,1.3075
22-Feb-05,1.323
23-Feb-05,1.3208
24-Feb-05,1.3205
25-Feb-05,1.3195
28-Feb-05,1.3274
01-Mar-05,1.3189
02-Mar-05,1.3127
03-Mar-05,1.313
04-Mar-05,1.3244
07-Mar-05,1.3203
08-Mar-05,1.3342
09-Mar-05,1.3384
10-Mar-05,1.3409
11-Mar-05,1.3465
14-Mar-05,1.3346
15-Mar-05,1.3315
16-Mar-05,1.3423
17-Mar-05,1.3373
18-Mar-05,1.3311
21-Mar-05,1.3165
22-Mar-05,1.321
23-Mar-05,1.3005
24-Mar-05,1.2957
25-Mar-05,1.2954
28-Mar-05,1.2877
29-Mar-05,1.2913
30-Mar-05,1.2944
31-Mar-05,1.2969
01-Apr-05,1.2896
04-Apr-05,1.2838
05-Apr-05,1.2842
06-Apr-05,1.2868
07-Apr-05,1.2906
08-Apr-05,1.2912
11-Apr-05,1.2972
12-Apr-05,1.2873
13-Apr-05,1.2918
14-Apr-05,1.2819
15-Apr-05,1.2928
18-Apr-05,1.3037
19-Apr-05,1.3034
20-Apr-05,1.308
21-Apr-05,1.3093
22-Apr-05,1.3068
25-Apr-05,1.2984
26-Apr-05,1.2964
27-Apr-05,1.2938
28-Apr-05,1.2916
29-Apr-05,1.2919
02-May-05,1.2857
03-May-05,1.2889
04-May-05,1.2936
05-May-05,1.2936
06-May-05,1.2832
09-May-05,1.2839
10-May-05,1.2877
11-May-05,1.2803
12-May-05,1.2706
13-May-05,1.2645
16-May-05,1.263
17-May-05,1.2644
18-May-05,1.266
19-May-05,1.2628
20-May-05,1.2553
23-May-05,1.2575
24-May-05,1.2588
25-May-05,1.2602
26-May-05,1.2517
27-May-05,1.2568
31-May-05,1.2349
01-Jun-05,1.2232
02-Jun-05,1.2266
03-Jun-05,1.2227
06-Jun-05,1.2268
07-Jun-05,1.2277
08-Jun-05,1.232
09-Jun-05,1.2216
10-Jun-05,1.2127
13-Jun-05,1.2035
14-Jun-05,1.2038
15-Jun-05,1.2106
16-Jun-05,1.2089
17-Jun-05,1.224
20-Jun-05,1.214
21-Jun-05,1.2134
22-Jun-05,1.213
23-Jun-05,1.2054
24-Jun-05,1.2088
27-Jun-05,1.2152
28-Jun-05,1.2078
29-Jun-05,1.2101
30-Jun-05,1.2098
01-Jul-05,1.1957
05-Jul-05,1.1917
06-Jul-05,1.1918
07-Jul-05,1.1928
08-Jul-05,1.1934
11-Jul-05,1.2066
12-Jul-05,1.22
13-Jul-05,1.209
14-Jul-05,1.2089
15-Jul-05,1.2037
18-Jul-05,1.2077
19-Jul-05,1.2001
20-Jul-05,1.2046
21-Jul-05,1.2113
22-Jul-05,1.2079
25-Jul-05,1.2054
26-Jul-05,1.2007
27-Jul-05,1.2048
28-Jul-05,1.2121
29-Jul-05,1.2129
01-Aug-05,1.2195
02-Aug-05,1.2209
03-Aug-05,1.2337
04-Aug-05,1.2383
05-Aug-05,1.2327
08-Aug-05,1.2361
09-Aug-05,1.2347
10-Aug-05,1.2345
11-Aug-05,1.2434
12-Aug-05,1.2428
15-Aug-05,1.2362
16-Aug-05,1.2342
17-Aug-05,1.229
18-Aug-05,1.2178
19-Aug-05,1.2147
22-Aug-05,1.2235
23-Aug-05,1.2213
24-Aug-05,1.2239
25-Aug-05,1.2311
26-Aug-05,1.2324
29-Aug-05,1.2248
30-Aug-05,1.2204
31-Aug-05,1.233
01-Sep-05,1.2447
02-Sep-05,1.2538
06-Sep-05,1.2483
07-Sep-05,1.2439
08-Sep-05,1.24
09-Sep-05,1.2433
12-Sep-05,1.2288
13-Sep-05,1.2263
14-Sep-05,1.2282
15-Sep-05,1.2216
16-Sep-05,1.2214
19-Sep-05,1.2153
20-Sep-05,1.2177
21-Sep-05,1.2208
22-Sep-05,1.2153
23-Sep-05,1.2077
26-Sep-05,1.2036
27-Sep-05,1.2011
28-Sep-05,1.2016
29-Sep-05,1.202
30-Sep-05,1.2058
03-Oct-05,1.1914
04-Oct-05,1.1918
05-Oct-05,1.1984
06-Oct-05,1.2133
07-Oct-05,1.2115
11-Oct-05,1.2015
12-Oct-05,1.204
13-Oct-05,1.1938
14-Oct-05,1.2073
17-Oct-05,1.204
18-Oct-05,1.1939
19-Oct-05,1.1988
20-Oct-05,1.1982
21-Oct-05,1.1958
24-Oct-05,1.1998
25-Oct-05,1.2099
26-Oct-05,1.2082
27-Oct-05,1.2148
28-Oct-05,1.2089
31-Oct-05,1.1995
01-Nov-05,1.1998
02-Nov-05,1.2067
03-Nov-05,1.1971
04-Nov-05,1.1828
07-Nov-05,1.1795
08-Nov-05,1.1773
09-Nov-05,1.1748
10-Nov-05,1.174
14-Nov-05,1.1667
15-Nov-05,1.1695
16-Nov-05,1.1672
17-Nov-05,1.1706
18-Nov-05,1.1741
21-Nov-05,1.1734
22-Nov-05,1.1737
23-Nov-05,1.1799
25-Nov-05,1.1724
28-Nov-05,1.1804
29-Nov-05,1.1786
30-Nov-05,1.179
01-Dec-05,1.1702
02-Dec-05,1.1699
05-Dec-05,1.1787
06-Dec-05,1.1784
07-Dec-05,1.1722
08-Dec-05,1.183
09-Dec-05,1.1824
12-Dec-05,1.1969
13-Dec-05,1.1926
14-Dec-05,1.2041
15-Dec-05,1.1965
16-Dec-05,1.2012
19-Dec-05,1.1996
20-Dec-05,1.1848
21-Dec-05,1.1816
22-Dec-05,1.1883
23-Dec-05,1.1857
27-Dec-05,1.1856
28-Dec-05,1.1875
29-Dec-05,1.1846
30-Dec-05,1.1842
03-Jan-06,1.198
04-Jan-06,1.2091
05-Jan-06,1.2101
06-Jan-06,1.2148
09-Jan-06,1.2064
10-Jan-06,1.2063
11-Jan-06,1.2135
12-Jan-06,1.2035
13-Jan-06,1.2103
17-Jan-06,1.2073
18-Jan-06,1.2083
19-Jan-06,1.211
20-Jan-06,1.2101
23-Jan-06,1.2276
24-Jan-06,1.2287
25-Jan-06,1.2252
26-Jan-06,1.2229
27-Jan-06,1.213
30-Jan-06,1.2091
31-Jan-06,1.2158
01-Feb-06,1.2092
02-Feb-06,1.21
03-Feb-06,1.2021
06-Feb-06,1.1971
07-Feb-06,1.1974
08-Feb-06,1.1935
09-Feb-06,1.1963
10-Feb-06,1.192
13-Feb-06,1.1905
14-Feb-06,1.1895
15-Feb-06,1.1884
16-Feb-06,1.1882
17-Feb-06,1.1906
21-Feb-06,1.1912
22-Feb-06,1.1905
23-Feb-06,1.1923
24-Feb-06,1.1882
27-Feb-06,1.186
28-Feb-06,1.1925
01-Mar-06,1.1899
02-Mar-06,1.2003
03-Mar-06,1.2028
06-Mar-06,1.2002
07-Mar-06,1.1888
08-Mar-06,1.1914
09-Mar-06,1.192
10-Mar-06,1.1886
13-Mar-06,1.1942
14-Mar-06,1.2025
15-Mar-06,1.2045
16-Mar-06,1.2151
17-Mar-06,1.2197
20-Mar-06,1.2168
21-Mar-06,1.2079
22-Mar-06,1.2095
23-Mar-06,1.1984
24-Mar-06,1.2034
27-Mar-06,1.2015
28-Mar-06,1.2078
29-Mar-06,1.203
30-Mar-06,1.2132
31-Mar-06,1.2139
03-Apr-06,1.2124
04-Apr-06,1.2258
05-Apr-06,1.2272
06-Apr-06,1.2216
07-Apr-06,1.2109
10-Apr-06,1.2091
11-Apr-06,1.2125
12-Apr-06,1.2107
13-Apr-06,1.2107
14-Apr-06,1.2106
17-Apr-06,1.2267
18-Apr-06,1.2274
19-Apr-06,1.2345
20-Apr-06,1.2326
21-Apr-06,1.234
24-Apr-06,1.2373
25-Apr-06,1.2412
26-Apr-06,1.2464
27-Apr-06,1.2525
28-Apr-06,1.2624
01-May-06,1.2607
02-May-06,1.2644
03-May-06,1.2639
04-May-06,1.2684
05-May-06,1.2733
08-May-06,1.272
09-May-06,1.2747
10-May-06,1.2799
11-May-06,1.2855
12-May-06,1.2888
15-May-06,1.2826
16-May-06,1.2817
17-May-06,1.2722
18-May-06,1.2795
19-May-06,1.275
22-May-06,1.285
23-May-06,1.2844
24-May-06,1.2747
25-May-06,1.2777
26-May-06,1.2739
30-May-06,1.2868
31-May-06,1.2833
01-Jun-06,1.2824
02-Jun-06,1.2912
05-Jun-06,1.2953
06-Jun-06,1.2828
07-Jun-06,1.2799
08-Jun-06,1.2648
09-Jun-06,1.2636
12-Jun-06,1.2587
13-Jun-06,1.2574
14-Jun-06,1.2631
15-Jun-06,1.2616
16-Jun-06,1.2623
19-Jun-06,1.2577
20-Jun-06,1.2568
21-Jun-06,1.2665
22-Jun-06,1.2582
23-Jun-06,1.2522
26-Jun-06,1.2554
27-Jun-06,1.2589
28-Jun-06,1.2532
29-Jun-06,1.2534
30-Jun-06,1.2779
03-Jul-06,1.2793
05-Jul-06,1.2726
06-Jul-06,1.2757
07-Jul-06,1.2822
10-Jul-06,1.2751
11-Jul-06,1.2754
12-Jul-06,1.2706
13-Jul-06,1.2673
14-Jul-06,1.2641
17-Jul-06,1.2529
18-Jul-06,1.25
19-Jul-06,1.256
20-Jul-06,1.2639
21-Jul-06,1.2684
24-Jul-06,1.263
25-Jul-06,1.2576
26-Jul-06,1.2628
27-Jul-06,1.2732
28-Jul-06,1.2748
31-Jul-06,1.2764
01-Aug-06,1.2778
02-Aug-06,1.2798
03-Aug-06,1.2779
04-Aug-06,1.2894
07-Aug-06,1.2867
08-Aug-06,1.2839
09-Aug-06,1.2888
10-Aug-06,1.2765
11-Aug-06,1.2757
14-Aug-06,1.2735
15-Aug-06,1.2788
16-Aug-06,1.2864
17-Aug-06,1.287
18-Aug-06,1.281
21-Aug-06,1.2914
22-Aug-06,1.2804
23-Aug-06,1.2794
24-Aug-06,1.276
25-Aug-06,1.2767
28-Aug-06,1.2784
29-Aug-06,1.2768
30-Aug-06,1.2825
31-Aug-06,1.2793
01-Sep-06,1.2833
05-Sep-06,1.281
06-Sep-06,1.2787
07-Sep-06,1.2757
08-Sep-06,1.2673
11-Sep-06,1.2699
12-Sep-06,1.2693
13-Sep-06,1.2708
14-Sep-06,1.2736
15-Sep-06,1.2648
18-Sep-06,1.2671
19-Sep-06,1.2683
20-Sep-06,1.2701
21-Sep-06,1.273
22-Sep-06,1.2796
25-Sep-06,1.2747
26-Sep-06,1.2687
27-Sep-06,1.2699
28-Sep-06,1.2697
29-Sep-06,1.2687
02-Oct-06,1.2744
03-Oct-06,1.2727
04-Oct-06,1.2687
05-Oct-06,1.2687
06-Oct-06,1.26
10-Oct-06,1.2541
11-Oct-06,1.2547
12-Oct-06,1.2537
13-Oct-06,1.2502
16-Oct-06,1.2518
17-Oct-06,1.2564
18-Oct-06,1.2516
19-Oct-06,1.2594
20-Oct-06,1.2613
23-Oct-06,1.2544
24-Oct-06,1.2565
25-Oct-06,1.2591
26-Oct-06,1.2669
27-Oct-06,1.2725
30-Oct-06,1.2717
31-Oct-06,1.2773
01-Nov-06,1.2771
02-Nov-06,1.278
03-Nov-06,1.2705
06-Nov-06,1.2715
07-Nov-06,1.2806
08-Nov-06,1.2775
09-Nov-06,1.2835
10-Nov-06,1.2861
13-Nov-06,1.281
14-Nov-06,1.2812
15-Nov-06,1.2808
16-Nov-06,1.2808
17-Nov-06,1.2823
20-Nov-06,1.281
21-Nov-06,1.2824
22-Nov-06,1.2928
24-Nov-06,1.3081
27-Nov-06,1.312
28-Nov-06,1.3162
29-Nov-06,1.3146
30-Nov-06,1.3261
01-Dec-06,1.3316
04-Dec-06,1.3327
05-Dec-06,1.3327
06-Dec-06,1.3307
07-Dec-06,1.3296
08-Dec-06,1.3215
11-Dec-06,1.3223
12-Dec-06,1.3233
13-Dec-06,1.3215
14-Dec-06,1.3174
15-Dec-06,1.3095
18-Dec-06,1.3073
19-Dec-06,1.3194
20-Dec-06,1.3183
21-Dec-06,1.3175
22-Dec-06,1.3131
26-Dec-06,1.3132
27-Dec-06,1.3125
28-Dec-06,1.3158
29-Dec-06,1.3197
02-Jan-07,1.3286
03-Jan-07,1.3169
04-Jan-07,1.3094
05-Jan-07,1.3005
08-Jan-07,1.3023
09-Jan-07,1.2995
10-Jan-07,1.294
11-Jan-07,1.2904
12-Jan-07,1.2926
16-Jan-07,1.2918
17-Jan-07,1.2948
18-Jan-07,1.2942
19-Jan-07,1.2968
22-Jan-07,1.2957
23-Jan-07,1.3025
24-Jan-07,1.2964
25-Jan-07,1.298
26-Jan-07,1.2909
29-Jan-07,1.2948
30-Jan-07,1.2954
31-Jan-07,1.2998
01-Feb-07,1.3021
02-Feb-07,1.296
05-Feb-07,1.2933
06-Feb-07,1.2969
07-Feb-07,1.302
08-Feb-07,1.3034
09-Feb-07,1.3005
12-Feb-07,1.2962
13-Feb-07,1.3024
14-Feb-07,1.3126
15-Feb-07,1.314
16-Feb-07,1.3137
20-Feb-07,1.3134
21-Feb-07,1.3126
22-Feb-07,1.3134
23-Feb-07,1.3164
26-Feb-07,1.3159
27-Feb-07,1.3246
28-Feb-07,1.323
01-Mar-07,1.3173
02-Mar-07,1.3182
05-Mar-07,1.3094
06-Mar-07,1.3108
07-Mar-07,1.3148
08-Mar-07,1.3129
09-Mar-07,1.3118
12-Mar-07,1.3186
13-Mar-07,1.3199
14-Mar-07,1.3227
15-Mar-07,1.3249
16-Mar-07,1.3307
19-Mar-07,1.3299
20-Mar-07,1.3291
21-Mar-07,1.3305
22-Mar-07,1.3359
23-Mar-07,1.3302
26-Mar-07,1.3336
27-Mar-07,1.3357
28-Mar-07,1.3331
29-Mar-07,1.3336
30-Mar-07,1.3374
02-Apr-07,1.3374
03-Apr-07,1.3363
04-Apr-07,1.3364
05-Apr-07,1.3426
06-Apr-07,1.338
09-Apr-07,1.3367
10-Apr-07,1.3436
11-Apr-07,1.3436
12-Apr-07,1.3484
13-Apr-07,1.3518
16-Apr-07,1.355
17-Apr-07,1.3569
18-Apr-07,1.3574
19-Apr-07,1.3605
20-Apr-07,1.3601
23-Apr-07,1.358
24-Apr-07,1.3622
25-Apr-07,1.3647
26-Apr-07,1.359
27-Apr-07,1.3625
30-Apr-07,1.366
01-May-07,1.36
02-May-07,1.3598
03-May-07,1.3566
04-May-07,1.3587
07-May-07,1.3616
08-May-07,1.3532
09-May-07,1.3549
10-May-07,1.3512
11-May-07,1.3519
14-May-07,1.3544
15-May-07,1.3603
16-May-07,1.3522
17-May-07,1.3494
18-May-07,1.3511
21-May-07,1.3457
22-May-07,1.3464
23-May-07,1.3482
24-May-07,1.3429
25-May-07,1.3452
29-May-07,1.3483
30-May-07,1.3419
31-May-07,1.3453
01-Jun-07,1.344
04-Jun-07,1.3488
05-Jun-07,1.3526
06-Jun-07,1.3492
07-Jun-07,1.3456
08-Jun-07,1.3359
11-Jun-07,1.3359
12-Jun-07,1.3325
13-Jun-07,1.3295
14-Jun-07,1.3311
15-Jun-07,1.3365
18-Jun-07,1.3401
19-Jun-07,1.3416
20-Jun-07,1.3426
21-Jun-07,1.3399
22-Jun-07,1.3438
25-Jun-07,1.345
26-Jun-07,1.3468
27-Jun-07,1.3433
28-Jun-07,1.3466
29-Jun-07,1.352
02-Jul-07,1.3627
03-Jul-07,1.3615
05-Jul-07,1.3592
06-Jul-07,1.3626
09-Jul-07,1.3623
10-Jul-07,1.3714
11-Jul-07,1.3757
12-Jul-07,1.3776
13-Jul-07,1.3788
16-Jul-07,1.3785
17-Jul-07,1.3782
18-Jul-07,1.3808
19-Jul-07,1.3811
20-Jul-07,1.3831
23-Jul-07,1.3817
24-Jul-07,1.3824
25-Jul-07,1.3711
26-Jul-07,1.373
27-Jul-07,1.3647
30-Jul-07,1.3681
31-Jul-07,1.3711
01-Aug-07,1.3682
02-Aug-07,1.3693
03-Aug-07,1.3785
06-Aug-07,1.3789
07-Aug-07,1.3747
08-Aug-07,1.3808
09-Aug-07,1.3701
10-Aug-07,1.3686
13-Aug-07,1.3624
14-Aug-07,1.3581
15-Aug-07,1.3479
16-Aug-07,1.3402
17-Aug-07,1.3492
20-Aug-07,1.3468
21-Aug-07,1.3483
22-Aug-07,1.3535
23-Aug-07,1.356
24-Aug-07,1.3645
27-Aug-07,1.3645
28-Aug-07,1.3626
29-Aug-07,1.3675
30-Aug-07,1.3648
31-Aug-07,1.3641
03-Sep-07,1.3641
04-Sep-07,1.3606
05-Sep-07,1.3669
06-Sep-07,1.3697
07-Sep-07,1.3772
10-Sep-07,1.3794
11-Sep-07,1.3837
12-Sep-07,1.3904
13-Sep-07,1.3885
14-Sep-07,1.3848
17-Sep-07,1.386
18-Sep-07,1.3869
19-Sep-07,1.395
20-Sep-07,1.4092
21-Sep-07,1.4076
24-Sep-07,1.4086
25-Sep-07,1.4128
26-Sep-07,1.4126
27-Sep-07,1.4138
28-Sep-07,1.4219
01-Oct-07,1.4229
02-Oct-07,1.4163
03-Oct-07,1.4135
04-Oct-07,1.4128
05-Oct-07,1.4154
08-Oct-07,1.4154
09-Oct-07,1.4092
10-Oct-07,1.4157
11-Oct-07,1.4228
12-Oct-07,1.4168
15-Oct-07,1.4216
16-Oct-07,1.4165
17-Oct-07,1.4208
18-Oct-07,1.4291
19-Oct-07,1.4263
22-Oct-07,1.4138
23-Oct-07,1.4248
24-Oct-07,1.4237
25-Oct-07,1.4299
26-Oct-07,1.439
29-Oct-07,1.4405
30-Oct-07,1.4424
31-Oct-07,1.4468
01-Nov-07,1.4435
02-Nov-07,1.4481
05-Nov-07,1.4469
06-Nov-07,1.4555
07-Nov-07,1.4667
08-Nov-07,1.4691
09-Nov-07,1.4665
13-Nov-07,1.4598
14-Nov-07,1.467
15-Nov-07,1.4639
16-Nov-07,1.4652
19-Nov-07,1.4658
20-Nov-07,1.4787
21-Nov-07,1.4829
22-Nov-07,1.4829
23-Nov-07,1.4825
26-Nov-07,1.4862
27-Nov-07,1.4817
28-Nov-07,1.475
29-Nov-07,1.4766
30-Nov-07,1.4688
03-Dec-07,1.4657
04-Dec-07,1.4759
05-Dec-07,1.4666
06-Dec-07,1.4638
07-Dec-07,1.4664
10-Dec-07,1.4714
11-Dec-07,1.4702
12-Dec-07,1.4702
13-Dec-07,1.4591
14-Dec-07,1.4433
17-Dec-07,1.4369
18-Dec-07,1.4392
19-Dec-07,1.4344
20-Dec-07,1.4353
21-Dec-07,1.4361
24-Dec-07,1.4409
26-Dec-07,1.45
27-Dec-07,1.4601
28-Dec-07,1.4718
31-Dec-07,1.4603
02-Jan-08,1.4738
03-Jan-08,1.4736
04-Jan-08,1.4786
07-Jan-08,1.4684
08-Jan-08,1.4717
09-Jan-08,1.4663
10-Jan-08,1.474
11-Jan-08,1.4787
14-Jan-08,1.4877
15-Jan-08,1.4842
16-Jan-08,1.4643
17-Jan-08,1.469
18-Jan-08,1.4616
22-Jan-08,1.4609
23-Jan-08,1.4574
24-Jan-08,1.4737
25-Jan-08,1.4673
28-Jan-08,1.4789
29-Jan-08,1.4767
30-Jan-08,1.4782
31-Jan-08,1.4841
01-Feb-08,1.4851
04-Feb-08,1.4832
05-Feb-08,1.4638
06-Feb-08,1.4647
07-Feb-08,1.4495
08-Feb-08,1.4505
11-Feb-08,1.4506
12-Feb-08,1.4592
13-Feb-08,1.4569
14-Feb-08,1.4635
15-Feb-08,1.4674
19-Feb-08,1.4742
20-Feb-08,1.4663
21-Feb-08,1.4813
22-Feb-08,1.4825
25-Feb-08,1.4822
26-Feb-08,1.4889
27-Feb-08,1.5132
28-Feb-08,1.5172
29-Feb-08,1.5187
03-Mar-08,1.5195
04-Mar-08,1.521
05-Mar-08,1.5282
06-Mar-08,1.5356
07-Mar-08,1.5333
10-Mar-08,1.5369
11-Mar-08,1.5329
12-Mar-08,1.5495
13-Mar-08,1.5584
14-Mar-08,1.5604
17-Mar-08,1.5765
18-Mar-08,1.5784
19-Mar-08,1.5642
20-Mar-08,1.5417
21-Mar-08,1.5447
24-Mar-08,1.5394
25-Mar-08,1.5595
26-Mar-08,1.5761
27-Mar-08,1.5798
28-Mar-08,1.5759
31-Mar-08,1.5805
01-Apr-08,1.5615
02-Apr-08,1.5618
03-Apr-08,1.5667
04-Apr-08,1.5735
07-Apr-08,1.5713
08-Apr-08,1.5705
09-Apr-08,1.5804
10-Apr-08,1.5744
11-Apr-08,1.5796
14-Apr-08,1.5827
15-Apr-08,1.5801
16-Apr-08,1.5978
17-Apr-08,1.5924
18-Apr-08,1.5742
21-Apr-08,1.5881
22-Apr-08,1.601
23-Apr-08,1.5898
24-Apr-08,1.5668
25-Apr-08,1.5634
28-Apr-08,1.5648
29-Apr-08,1.5604
30-Apr-08,1.5568
01-May-08,1.5458
02-May-08,1.5431
05-May-08,1.5491
06-May-08,1.5548
07-May-08,1.537
08-May-08,1.5409
09-May-08,1.5447
12-May-08,1.5536
13-May-08,1.5509
14-May-08,1.5467
15-May-08,1.5492
16-May-08,1.5591
19-May-08,1.5516
20-May-08,1.5667
21-May-08,1.5772
22-May-08,1.5703
23-May-08,1.5784
27-May-08,1.5731
28-May-08,1.5628
29-May-08,1.5527
30-May-08,1.556
02-Jun-08,1.555
03-Jun-08,1.5454
04-Jun-08,1.5453
05-Jun-08,1.556
06-Jun-08,1.5731
09-Jun-08,1.5718
10-Jun-08,1.5473
11-Jun-08,1.5562
12-Jun-08,1.5418
13-Jun-08,1.5368
16-Jun-08,1.5472
17-Jun-08,1.5519
18-Jun-08,1.5502
19-Jun-08,1.5502
20-Jun-08,1.5626
23-Jun-08,1.5492
24-Jun-08,1.5591
25-Jun-08,1.557
26-Jun-08,1.5738
27-Jun-08,1.5749
30-Jun-08,1.5748
01-Jul-08,1.5778
02-Jul-08,1.5869
03-Jul-08,1.5708
07-Jul-08,1.5646
08-Jul-08,1.5653
09-Jul-08,1.5744
10-Jul-08,1.5771
11-Jul-08,1.5898
14-Jul-08,1.5914
15-Jul-08,1.5923
16-Jul-08,1.5847
17-Jul-08,1.5861
18-Jul-08,1.5855
21-Jul-08,1.5877
22-Jul-08,1.5811
23-Jul-08,1.5708
24-Jul-08,1.5657
25-Jul-08,1.5687
28-Jul-08,1.5747
29-Jul-08,1.5588
30-Jul-08,1.5559
31-Jul-08,1.5589
01-Aug-08,1.5567
04-Aug-08,1.5569
05-Aug-08,1.5468
06-Aug-08,1.5409
07-Aug-08,1.5341
08-Aug-08,1.5047
11-Aug-08,1.4958
12-Aug-08,1.4905
13-Aug-08,1.4895
14-Aug-08,1.4856
15-Aug-08,1.4695
18-Aug-08,1.473
19-Aug-08,1.4746
20-Aug-08,1.4701
21-Aug-08,1.4875
22-Aug-08,1.48
25-Aug-08,1.4803
26-Aug-08,1.466
27-Aug-08,1.4684
28-Aug-08,1.4685
29-Aug-08,1.4669
02-Sep-08,1.4522
03-Sep-08,1.4489
04-Sep-08,1.436
05-Sep-08,1.4273
08-Sep-08,1.4126
09-Sep-08,1.4173
10-Sep-08,1.402
11-Sep-08,1.3939
12-Sep-08,1.4172
15-Sep-08,1.4175
16-Sep-08,1.4155
17-Sep-08,1.4215
18-Sep-08,1.4382
19-Sep-08,1.4384
22-Sep-08,1.4697
23-Sep-08,1.4737
24-Sep-08,1.4655
25-Sep-08,1.4643
26-Sep-08,1.4596
29-Sep-08,1.4381
30-Sep-08,1.4081
01-Oct-08,1.4058
02-Oct-08,1.3854
03-Oct-08,1.3816
06-Oct-08,1.3508
07-Oct-08,1.3649
08-Oct-08,1.368
09-Oct-08,1.3646
10-Oct-08,1.3471
14-Oct-08,1.3658
15-Oct-08,1.3567
16-Oct-08,1.3416
17-Oct-08,1.3462
20-Oct-08,1.3314
21-Oct-08,1.3102
22-Oct-08,1.2835
23-Oct-08,1.2878
24-Oct-08,1.2639
27-Oct-08,1.2446
28-Oct-08,1.2476
29-Oct-08,1.2851
30-Oct-08,1.285
31-Oct-08,1.2682
03-Nov-08,1.2719
04-Nov-08,1.3021
05-Nov-08,1.3039
06-Nov-08,1.2756
07-Nov-08,1.2777
10-Nov-08,1.276
12-Nov-08,1.2558
13-Nov-08,1.2526
14-Nov-08,1.2731
17-Nov-08,1.2726
18-Nov-08,1.269
19-Nov-08,1.2595
20-Nov-08,1.2525
21-Nov-08,1.2531
24-Nov-08,1.289
25-Nov-08,1.303
26-Nov-08,1.2828
28-Nov-08,1.2694
01-Dec-08,1.2634
02-Dec-08,1.2724
03-Dec-08,1.2669
04-Dec-08,1.284
05-Dec-08,1.2654
08-Dec-08,1.2942
09-Dec-08,1.2937
10-Dec-08,1.3024
11-Dec-08,1.3294
12-Dec-08,1.3349
15-Dec-08,1.3664
16-Dec-08,1.381
17-Dec-08,1.4358
18-Dec-08,1.4298
19-Dec-08,1.3875
22-Dec-08,1.3952
23-Dec-08,1.3966
24-Dec-08,1.3964
26-Dec-08,1.4062
29-Dec-08,1.4232
30-Dec-08,1.4085
31-Dec-08,1.3919
02-Jan-09,1.3946
05-Jan-09,1.3576
06-Jan-09,1.3445
07-Jan-09,1.3718
08-Jan-09,1.3714
09-Jan-09,1.3495
12-Jan-09,1.3347
13-Jan-09,1.3198
14-Jan-09,1.3174
15-Jan-09,1.3094
16-Jan-09,1.3244
20-Jan-09,1.2946
21-Jan-09,1.287
22-Jan-09,1.2955
23-Jan-09,1.2849
26-Jan-09,1.3123
27-Jan-09,1.3159
28-Jan-09,1.3244
29-Jan-09,1.2988
30-Jan-09,1.2804
02-Feb-09,1.2808
03-Feb-09,1.301
04-Feb-09,1.2857
05-Feb-09,1.2838
06-Feb-09,1.2874
09-Feb-09,1.3064
10-Feb-09,1.2966
11-Feb-09,1.2893
12-Feb-09,1.2822
13-Feb-09,1.2879
17-Feb-09,1.2571
18-Feb-09,1.2547
19-Feb-09,1.2675
20-Feb-09,1.269
23-Feb-09,1.2747
24-Feb-09,1.2742
25-Feb-09,1.2731
26-Feb-09,1.2764
27-Feb-09,1.2662
02-Mar-09,1.258
03-Mar-09,1.2549
04-Mar-09,1.2607
05-Mar-09,1.2565
06-Mar-09,1.2674
09-Mar-09,1.2636
10-Mar-09,1.2752
11-Mar-09,1.2774
12-Mar-09,1.2799
13-Mar-09,1.2891
16-Mar-09,1.2997
17-Mar-09,1.2972
18-Mar-09,1.311
19-Mar-09,1.373
20-Mar-09,1.3566
23-Mar-09,1.3569
24-Mar-09,1.3524
25-Mar-09,1.3539
26-Mar-09,1.356
27-Mar-09,1.3306
30-Mar-09,1.3146
31-Mar-09,1.3261
01-Apr-09,1.3223
02-Apr-09,1.3458
03-Apr-09,1.3447
06-Apr-09,1.3363
07-Apr-09,1.3282
08-Apr-09,1.3288
09-Apr-09,1.3149
10-Apr-09,1.3143
13-Apr-09,1.3354
14-Apr-09,1.3277
15-Apr-09,1.3182
16-Apr-09,1.3197
17-Apr-09,1.303
20-Apr-09,1.2903
21-Apr-09,1.2978
22-Apr-09,1.3012
23-Apr-09,1.3048
24-Apr-09,1.3277
27-Apr-09,1.3136
28-Apr-09,1.3061
29-Apr-09,1.3324
30-Apr-09,1.3244
01-May-09,1.3267
04-May-09,1.3365
05-May-09,1.3375
06-May-09,1.3313
07-May-09,1.3411
08-May-09,1.3494
11-May-09,1.362
12-May-09,1.3638
13-May-09,1.3612
14-May-09,1.3608
15-May-09,1.3539
18-May-09,1.3503
19-May-09,1.3608
20-May-09,1.3765
21-May-09,1.3804
22-May-09,1.4005
26-May-09,1.3992
27-May-09,1.3924
28-May-09,1.3948
29-May-09,1.4126
01-Jun-09,1.4192
02-Jun-09,1.427
03-Jun-09,1.4194
04-Jun-09,1.4187
05-Jun-09,1.399
08-Jun-09,1.3884
09-Jun-09,1.4014
10-Jun-09,1.3983
11-Jun-09,1.4093
12-Jun-09,1.404
15-Jun-09,1.3784
16-Jun-09,1.3878
17-Jun-09,1.385
18-Jun-09,1.3978
19-Jun-09,1.3998
22-Jun-09,1.3846
23-Jun-09,1.4035
24-Jun-09,1.4015
25-Jun-09,1.3953
26-Jun-09,1.4056
29-Jun-09,1.4058
30-Jun-09,1.402
01-Jul-09,1.4186
02-Jul-09,1.4018
03-Jul-09,1.3991
06-Jul-09,1.3938
07-Jul-09,1.3965
08-Jul-09,1.3852
09-Jul-09,1.4026
10-Jul-09,1.3926
13-Jul-09,1.3973
14-Jul-09,1.3971
15-Jul-09,1.4116
16-Jul-09,1.4115
17-Jul-09,1.412
20-Jul-09,1.4211
21-Jul-09,1.4196
22-Jul-09,1.422
23-Jul-09,1.4266
24-Jul-09,1.4213
27-Jul-09,1.4212
28-Jul-09,1.4215
29-Jul-09,1.4033
30-Jul-09,1.4066
31-Jul-09,1.4279
03-Aug-09,1.4416
04-Aug-09,1.44
05-Aug-09,1.4391
06-Aug-09,1.4357
07-Aug-09,1.418
10-Aug-09,1.4143
11-Aug-09,1.4141
12-Aug-09,1.4215
13-Aug-09,1.4283
14-Aug-09,1.4216
17-Aug-09,1.4088
18-Aug-09,1.4075
19-Aug-09,1.4262
20-Aug-09,1.4235
21-Aug-09,1.4305
24-Aug-09,1.432
25-Aug-09,1.435
26-Aug-09,1.423
27-Aug-09,1.4272
28-Aug-09,1.4358
31-Aug-09,1.4354
01-Sep-09,1.4235
02-Sep-09,1.4246
03-Sep-09,1.4278
04-Sep-09,1.4278
08-Sep-09,1.4497
09-Sep-09,1.4573
10-Sep-09,1.4568
11-Sep-09,1.4586
14-Sep-09,1.4613
15-Sep-09,1.4617
16-Sep-09,1.4698
17-Sep-09,1.4735
18-Sep-09,1.4704
21-Sep-09,1.4692
22-Sep-09,1.4795
23-Sep-09,1.4752
24-Sep-09,1.4696
25-Sep-09,1.4682
28-Sep-09,1.465
29-Sep-09,1.4553
30-Sep-09,1.463
01-Oct-09,1.4532
02-Oct-09,1.459
05-Oct-09,1.4647
06-Oct-09,1.4744
07-Oct-09,1.4675
08-Oct-09,1.4777
09-Oct-09,1.4715
13-Oct-09,1.4839
14-Oct-09,1.4899
15-Oct-09,1.4945
16-Oct-09,1.4889
19-Oct-09,1.4947
20-Oct-09,1.4905
21-Oct-09,1.5009
22-Oct-09,1.5003
23-Oct-09,1.5029
26-Oct-09,1.4941
27-Oct-09,1.4821
28-Oct-09,1.4763
29-Oct-09,1.4819
30-Oct-09,1.4755
02-Nov-09,1.4828
03-Nov-09,1.4658
04-Nov-09,1.4836
05-Nov-09,1.4857
06-Nov-09,1.4835
09-Nov-09,1.4999
10-Nov-09,1.496
12-Nov-09,1.4865
13-Nov-09,1.4886
16-Nov-09,1.4977
17-Nov-09,1.483
18-Nov-09,1.499
19-Nov-09,1.4905
20-Nov-09,1.487
23-Nov-09,1.4968
24-Nov-09,1.4937
25-Nov-09,1.5085
27-Nov-09,1.4963
30-Nov-09,1.4994
01-Dec-09,1.51
02-Dec-09,1.5059
03-Dec-09,1.5081
04-Dec-09,1.4885
07-Dec-09,1.482
08-Dec-09,1.4741
09-Dec-09,1.4725
10-Dec-09,1.4716
11-Dec-09,1.4601
14-Dec-09,1.4645
15-Dec-09,1.4514
16-Dec-09,1.4577
17-Dec-09,1.4317
18-Dec-09,1.4281
21-Dec-09,1.4319
22-Dec-09,1.4243
23-Dec-09,1.4341
24-Dec-09,1.4367
28-Dec-09,1.4392
29-Dec-09,1.4356
30-Dec-09,1.4316
31-Dec-09,1.4332
04-Jan-10,1.4419
05-Jan-10,1.4402
06-Jan-10,1.4404
07-Jan-10,1.4314
08-Jan-10,1.4357
11-Jan-10,1.4536
12-Jan-10,1.4523
13-Jan-10,1.4492
14-Jan-10,1.4478
15-Jan-10,1.4376
19-Jan-10,1.4269
20-Jan-10,1.4094
21-Jan-10,1.4106
22-Jan-10,1.4154
25-Jan-10,1.4146
26-Jan-10,1.4063
27-Jan-10,1.4053
28-Jan-10,1.3993
29-Jan-10,1.387
01-Feb-10,1.3904
02-Feb-10,1.3955
03-Feb-10,1.3907
04-Feb-10,1.3759
05-Feb-10,1.3608
08-Feb-10,1.3699
09-Feb-10,1.3795
10-Feb-10,1.3722
11-Feb-10,1.364
12-Feb-10,1.3625
16-Feb-10,1.3742
17-Feb-10,1.3623
18-Feb-10,1.3563
19-Feb-10,1.3538
22-Feb-10,1.359
23-Feb-10,1.3537
24-Feb-10,1.3576
25-Feb-10,1.3476
26-Feb-10,1.366
01-Mar-10,1.3516
02-Mar-10,1.3564
03-Mar-10,1.3731
04-Mar-10,1.3571
05-Mar-10,1.3608
08-Mar-10,1.3613
09-Mar-10,1.3586
10-Mar-10,1.3658
11-Mar-10,1.3674
12-Mar-10,1.3753
15-Mar-10,1.3652
16-Mar-10,1.3758
17-Mar-10,1.3739
18-Mar-10,1.3603
19-Mar-10,1.353
22-Mar-10,1.3531
23-Mar-10,1.3535
24-Mar-10,1.3347
25-Mar-10,1.3344
26-Mar-10,1.3398
29-Mar-10,1.3465
30-Mar-10,1.3409
31-Mar-10,1.3526
01-Apr-10,1.3569
02-Apr-10,1.3487
05-Apr-10,1.3486
06-Apr-10,1.3378
07-Apr-10,1.3364
08-Apr-10,1.336
09-Apr-10,1.3468
12-Apr-10,1.3587
13-Apr-10,1.3592
14-Apr-10,1.3666
15-Apr-10,1.354
16-Apr-10,1.3487
19-Apr-10,1.3458
20-Apr-10,1.3446
21-Apr-10,1.3383
22-Apr-10,1.3298
23-Apr-10,1.336
26-Apr-10,1.3336
27-Apr-10,1.323
28-Apr-10,1.313
29-Apr-10,1.3243
30-Apr-10,1.3302
03-May-10,1.3183
04-May-10,1.3037
05-May-10,1.289
06-May-10,1.2689
07-May-10,1.2721
10-May-10,1.2861
11-May-10,1.2715
12-May-10,1.2642
13-May-10,1.2568
14-May-10,1.239
17-May-10,1.2299
18-May-10,1.2358
19-May-10,1.2317
20-May-10,1.237
21-May-10,1.2575
24-May-10,1.2406
25-May-10,1.2279
26-May-10,1.2224
27-May-10,1.237
28-May-10,1.2369
01-Jun-10,1.2266
02-Jun-10,1.2206
03-Jun-10,1.2193
04-Jun-10,1.1998
07-Jun-10,1.1959
08-Jun-10,1.1995
09-Jun-10,1.2045
10-Jun-10,1.2111
11-Jun-10,1.2077
14-Jun-10,1.2277
15-Jun-10,1.2327
16-Jun-10,1.2323
17-Jun-10,1.2365
18-Jun-10,1.236
21-Jun-10,1.2385
22-Jun-10,1.2303
23-Jun-10,1.231
24-Jun-10,1.2288
25-Jun-10,1.2332
28-Jun-10,1.2316
29-Jun-10,1.2187
30-Jun-10,1.2291
01-Jul-10,1.2464
02-Jul-10,1.2577
06-Jul-10,1.2646
07-Jul-10,1.2594
08-Jul-10,1.2683
09-Jul-10,1.2639
12-Jul-10,1.2573
13-Jul-10,1.2719
14-Jul-10,1.2755
15-Jul-10,1.2893
16-Jul-10,1.2919
19-Jul-10,1.2963
20-Jul-10,1.2905
21-Jul-10,1.2818
22-Jul-10,1.2903
23-Jul-10,1.2874
26-Jul-10,1.2983
27-Jul-10,1.2983
28-Jul-10,1.2998
29-Jul-10,1.3064
30-Jul-10,1.3069
02-Aug-10,1.3174
03-Aug-10,1.3239
04-Aug-10,1.3158
05-Aug-10,1.3157
06-Aug-10,1.3282
09-Aug-10,1.3241
10-Aug-10,1.3095
11-Aug-10,1.2899
12-Aug-10,1.2866
13-Aug-10,1.2767
16-Aug-10,1.2838
17-Aug-10,1.289
18-Aug-10,1.2872
19-Aug-10,1.2837
20-Aug-10,1.2687
23-Aug-10,1.2663
24-Aug-10,1.2675
25-Aug-10,1.2652
26-Aug-10,1.2717
27-Aug-10,1.2765
30-Aug-10,1.2686
31-Aug-10,1.2704
01-Sep-10,1.2813
02-Sep-10,1.2824
03-Sep-10,1.2885
07-Sep-10,1.2723
08-Sep-10,1.2727
09-Sep-10,1.2708
10-Sep-10,1.2731
13-Sep-10,1.289
14-Sep-10,1.3014
15-Sep-10,1.3008
16-Sep-10,1.3079
17-Sep-10,1.3046
20-Sep-10,1.3074
21-Sep-10,1.3136
22-Sep-10,1.3385
23-Sep-10,1.3344
24-Sep-10,1.3476
27-Sep-10,1.3475
28-Sep-10,1.3583
29-Sep-10,1.3638
30-Sep-10,1.3601
01-Oct-10,1.3754
04-Oct-10,1.3688
05-Oct-10,1.3834
06-Oct-10,1.3924
07-Oct-10,1.3921
08-Oct-10,1.3923
12-Oct-10,1.3846
13-Oct-10,1.3964
14-Oct-10,1.4066
15-Oct-10,1.3998
18-Oct-10,1.3978
19-Oct-10,1.3827
20-Oct-10,1.3949
21-Oct-10,1.3973
22-Oct-10,1.3904
25-Oct-10,1.3986
26-Oct-10,1.3873
27-Oct-10,1.3788
28-Oct-10,1.3929
29-Oct-10,1.3894
01-Nov-10,1.3888
02-Nov-10,1.4026
03-Nov-10,1.4014
04-Nov-10,1.4224
05-Nov-10,1.4033
08-Nov-10,1.3927
09-Nov-10,1.3865
10-Nov-10,1.3728
12-Nov-10,1.37
15-Nov-10,1.3615
16-Nov-10,1.3517
17-Nov-10,1.3555
18-Nov-10,1.3618
19-Nov-10,1.3654
22-Nov-10,1.3612
23-Nov-10,1.3388
24-Nov-10,1.335
26-Nov-10,1.3243
29-Nov-10,1.3092
30-Nov-10,1.3036
01-Dec-10,1.3149
02-Dec-10,1.3228
03-Dec-10,1.3367
06-Dec-10,1.3275
07-Dec-10,1.3323
08-Dec-10,1.3242
09-Dec-10,1.3206
10-Dec-10,1.3242
13-Dec-10,1.3389
14-Dec-10,1.3395
15-Dec-10,1.3306
16-Dec-10,1.3206
17-Dec-10,1.3155
20-Dec-10,1.3124
21-Dec-10,1.3131
22-Dec-10,1.3089
23-Dec-10,1.3101
27-Dec-10,1.3146
28-Dec-10,1.3122
29-Dec-10,1.3183
30-Dec-10,1.3269
03-Jan-11,1.3371
04-Jan-11,1.3306
05-Jan-11,1.3171
06-Jan-11,1.3027
07-Jan-11,1.2944
10-Jan-11,1.2945
11-Jan-11,1.2978
12-Jan-11,1.3066
13-Jan-11,1.3364
14-Jan-11,1.3328
18-Jan-11,1.3399
19-Jan-11,1.3495
20-Jan-11,1.3443
21-Jan-11,1.3581
24-Jan-11,1.3653
25-Jan-11,1.3644
26-Jan-11,1.3688
27-Jan-11,1.3688
28-Jan-11,1.3607
31-Jan-11,1.3715
01-Feb-11,1.3793
02-Feb-11,1.3779
03-Feb-11,1.3654
04-Feb-11,1.3584
07-Feb-11,1.3557
08-Feb-11,1.3687
09-Feb-11,1.3688
10-Feb-11,1.3637
11-Feb-11,1.352
14-Feb-11,1.3474
15-Feb-11,1.3494
16-Feb-11,1.3547
17-Feb-11,1.3612
18-Feb-11,1.3673
22-Feb-11,1.3661
23-Feb-11,1.3758
24-Feb-11,1.3794
25-Feb-11,1.3757
28-Feb-11,1.3793
01-Mar-11,1.3813
02-Mar-11,1.3869
03-Mar-11,1.3947
04-Mar-11,1.3983
07-Mar-11,1.3976
08-Mar-11,1.3912
09-Mar-11,1.3906
10-Mar-11,1.3823
11-Mar-11,1.3864
14-Mar-11,1.3975
15-Mar-11,1.3968
16-Mar-11,1.3922
17-Mar-11,1.4021
18-Mar-11,1.4141
21-Mar-11,1.4184
22-Mar-11,1.4212
23-Mar-11,1.4124
24-Mar-11,1.42
25-Mar-11,1.4144
28-Mar-11,1.4104
29-Mar-11,1.409
30-Mar-11,1.4095
31-Mar-11,1.4183
01-Apr-11,1.4215
04-Apr-11,1.4221
05-Apr-11,1.423
06-Apr-11,1.4333
07-Apr-11,1.4287
08-Apr-11,1.4437
11-Apr-11,1.4454
12-Apr-11,1.4455
13-Apr-11,1.4477
14-Apr-11,1.4464
15-Apr-11,1.4443
18-Apr-11,1.4211
19-Apr-11,1.4319
20-Apr-11,1.4513
21-Apr-11,1.4585
22-Apr-11,1.4545
25-Apr-11,1.4576
26-Apr-11,1.4625
27-Apr-11,1.4659
28-Apr-11,1.4785
29-Apr-11,1.4821
02-May-11,1.487
03-May-11,1.4875
04-May-11,1.4859
05-May-11,1.4583
06-May-11,1.4495
09-May-11,1.4301
10-May-11,1.4358
11-May-11,1.4269
12-May-11,1.4229
13-May-11,1.4141
16-May-11,1.4219
17-May-11,1.4155
18-May-11,1.427
19-May-11,1.4254
20-May-11,1.4172
23-May-11,1.4015
24-May-11,1.4107
25-May-11,1.4102
26-May-11,1.4088
27-May-11,1.4287
31-May-11,1.4376
01-Jun-11,1.4431
02-Jun-11,1.4426
03-Jun-11,1.4604
06-Jun-11,1.462
07-Jun-11,1.4675
08-Jun-11,1.4587
09-Jun-11,1.4534
10-Jun-11,1.4365
13-Jun-11,1.4368
14-Jun-11,1.4473
15-Jun-11,1.4221
16-Jun-11,1.4155
17-Jun-11,1.4326
20-Jun-11,1.432
21-Jun-11,1.4399
22-Jun-11,1.4403
23-Jun-11,1.4166
24-Jun-11,1.4189
27-Jun-11,1.4282
28-Jun-11,1.4368
29-Jun-11,1.4428
30-Jun-11,1.4523
01-Jul-11,1.4508
05-Jul-11,1.447
06-Jul-11,1.4329
07-Jul-11,1.4349
08-Jul-11,1.4251
11-Jul-11,1.4034
12-Jul-11,1.4014
13-Jul-11,1.4167
14-Jul-11,1.4182
15-Jul-11,1.4156
18-Jul-11,1.4042
19-Jul-11,1.4156
20-Jul-11,1.4188
21-Jul-11,1.4372
22-Jul-11,1.4366
25-Jul-11,1.4357
26-Jul-11,1.4495
27-Jul-11,1.4373
28-Jul-11,1.4303
29-Jul-11,1.4388
01-Aug-11,1.4202
02-Aug-11,1.4232
03-Aug-11,1.432
04-Aug-11,1.4158
05-Aug-11,1.4158
08-Aug-11,1.4241
09-Aug-11,1.4242
10-Aug-11,1.4193
11-Aug-11,1.423
12-Aug-11,1.4239
15-Aug-11,1.4452
16-Aug-11,1.4421
17-Aug-11,1.4436
18-Aug-11,1.432
19-Aug-11,1.4408
22-Aug-11,1.4384
23-Aug-11,1.4431
24-Aug-11,1.4402
25-Aug-11,1.438
26-Aug-11,1.4463
29-Aug-11,1.451
30-Aug-11,1.4435
31-Aug-11,1.4406
01-Sep-11,1.4283
02-Sep-11,1.4203
06-Sep-11,1.3999
07-Sep-11,1.4058
08-Sep-11,1.3947
09-Sep-11,1.3666
12-Sep-11,1.3635
13-Sep-11,1.368
14-Sep-11,1.371
15-Sep-11,1.3858
16-Sep-11,1.3783
19-Sep-11,1.3636
20-Sep-11,1.3697
21-Sep-11,1.3724
22-Sep-11,1.3446
23-Sep-11,1.3518
26-Sep-11,1.3516
27-Sep-11,1.3606
28-Sep-11,1.3628
29-Sep-11,1.3639
30-Sep-11,1.3449
03-Oct-11,1.3281
04-Oct-11,1.3294
05-Oct-11,1.3328
06-Oct-11,1.3408
07-Oct-11,1.3512
11-Oct-11,1.3657
12-Oct-11,1.3805
13-Oct-11,1.373
14-Oct-11,1.3861
17-Oct-11,1.377
18-Oct-11,1.3719
19-Oct-11,1.3775
20-Oct-11,1.3672
21-Oct-11,1.3873
24-Oct-11,1.3932
25-Oct-11,1.3911
26-Oct-11,1.3838
27-Oct-11,1.4172
28-Oct-11,1.4164
31-Oct-11,1.3947
01-Nov-11,1.3676
02-Nov-11,1.3803
03-Nov-11,1.3744
04-Nov-11,1.3761
07-Nov-11,1.3744
08-Nov-11,1.3785
09-Nov-11,1.3596
10-Nov-11,1.36
14-Nov-11,1.3625
15-Nov-11,1.3524
16-Nov-11,1.3505
17-Nov-11,1.3522
18-Nov-11,1.3521
21-Nov-11,1.3525
22-Nov-11,1.35
23-Nov-11,1.3347
25-Nov-11,1.3244
28-Nov-11,1.3334
29-Nov-11,1.3343
30-Nov-11,1.3453
01-Dec-11,1.3487
02-Dec-11,1.3386
05-Dec-11,1.3463
06-Dec-11,1.3397
07-Dec-11,1.3386
08-Dec-11,1.3324
09-Dec-11,1.3368
12-Dec-11,1.3188
13-Dec-11,1.3094
14-Dec-11,1.2972
15-Dec-11,1.3013
16-Dec-11,1.3025
19-Dec-11,1.3017
20-Dec-11,1.3076
21-Dec-11,1.304
22-Dec-11,1.3045
23-Dec-11,1.304
27-Dec-11,1.3074
28-Dec-11,1.2926
29-Dec-11,1.2952
30-Dec-11,1.2973
03-Jan-12,1.3061
04-Jan-12,1.293
05-Jan-12,1.2783
06-Jan-12,1.2723
09-Jan-12,1.2745
10-Jan-12,1.2782
11-Jan-12,1.2686
12-Jan-12,1.2818
13-Jan-12,1.2682
17-Jan-12,1.274
18-Jan-12,1.2825
19-Jan-12,1.2937
20-Jan-12,1.2948
23-Jan-12,1.3035
24-Jan-12,1.3004
25-Jan-12,1.2978
26-Jan-12,1.3152
27-Jan-12,1.3192
30-Jan-12,1.3123
31-Jan-12,1.3053
01-Feb-12,1.3179
02-Feb-12,1.3167
03-Feb-12,1.3106
06-Feb-12,1.313
07-Feb-12,1.3244
08-Feb-12,1.3253
09-Feb-12,1.3297
10-Feb-12,1.3187
13-Feb-12,1.3211
14-Feb-12,1.3149
15-Feb-12,1.3087
16-Feb-12,1.311
17-Feb-12,1.3149
21-Feb-12,1.3255
22-Feb-12,1.3251
23-Feb-12,1.3308
24-Feb-12,1.3463
27-Feb-12,1.341
28-Feb-12,1.3452
29-Feb-12,1.3359
01-Mar-12,1.332
02-Mar-12,1.3202
05-Mar-12,1.3226
06-Mar-12,1.3114
07-Mar-12,1.3149
08-Mar-12,1.3256
09-Mar-12,1.3108
12-Mar-12,1.3141
13-Mar-12,1.3109
14-Mar-12,1.3025
15-Mar-12,1.307
16-Mar-12,1.3171
19-Mar-12,1.3242
20-Mar-12,1.3222
21-Mar-12,1.319
22-Mar-12,1.3194
23-Mar-12,1.3263
26-Mar-12,1.3328
27-Mar-12,1.3336
28-Mar-12,1.33
29-Mar-12,1.3265
30-Mar-12,1.3334
02-Apr-12,1.3325
03-Apr-12,1.3337
04-Apr-12,1.3126
05-Apr-12,1.3064
06-Apr-12,1.3089
09-Apr-12,1.3087
10-Apr-12,1.3068
11-Apr-12,1.3104
12-Apr-12,1.3171
13-Apr-12,1.3082
16-Apr-12,1.3067
17-Apr-12,1.3123
18-Apr-12,1.3122
19-Apr-12,1.3132
20-Apr-12,1.3212
23-Apr-12,1.3129
24-Apr-12,1.3207
25-Apr-12,1.321
26-Apr-12,1.3232
27-Apr-12,1.3248
30-Apr-12,1.3229
01-May-12,1.3226
02-May-12,1.3154
03-May-12,1.3147
04-May-12,1.3091
07-May-12,1.3052
08-May-12,1.3015
09-May-12,1.2954
10-May-12,1.2959
11-May-12,1.2937
14-May-12,1.2847
15-May-12,1.2769
16-May-12,1.273
17-May-12,1.2709
18-May-12,1.2721
21-May-12,1.2769
22-May-12,1.2735
23-May-12,1.2569
24-May-12,1.2583
25-May-12,1.2518
29-May-12,1.2488
30-May-12,1.2405
31-May-12,1.2364
01-Jun-12,1.242
04-Jun-12,1.2495
05-Jun-12,1.2437
06-Jun-12,1.2535
07-Jun-12,1.2568
08-Jun-12,1.2482
11-Jun-12,1.2504
12-Jun-12,1.2477
13-Jun-12,1.2596
14-Jun-12,1.2608
15-Jun-12,1.2633
18-Jun-12,1.2578
19-Jun-12,1.2692
20-Jun-12,1.2703
21-Jun-12,1.2586
22-Jun-12,1.2545
25-Jun-12,1.248
26-Jun-12,1.2471
27-Jun-12,1.2457
28-Jun-12,1.2433
29-Jun-12,1.2668
02-Jul-12,1.2584
03-Jul-12,1.262
05-Jul-12,1.2384
06-Jul-12,1.2283
09-Jul-12,1.2299
10-Jul-12,1.2255
11-Jul-12,1.2244
12-Jul-12,1.2199
13-Jul-12,1.2232
16-Jul-12,1.2267
17-Jul-12,1.2234
18-Jul-12,1.2261
19-Jul-12,1.2257
20-Jul-12,1.2176
23-Jul-12,1.2126
24-Jul-12,1.2062
25-Jul-12,1.2132
26-Jul-12,1.228
27-Jul-12,1.237
30-Jul-12,1.225
31-Jul-12,1.2315
01-Aug-12,1.2299
02-Aug-12,1.2149
03-Aug-12,1.239
06-Aug-12,1.2422
07-Aug-12,1.2422
08-Aug-12,1.2364
09-Aug-12,1.2278
10-Aug-12,1.2298
13-Aug-12,1.2339
14-Aug-12,1.2329
15-Aug-12,1.2288
16-Aug-12,1.2356
17-Aug-12,1.2315
20-Aug-12,1.2343
21-Aug-12,1.2472
22-Aug-12,1.2472
23-Aug-12,1.2583
24-Aug-12,1.2533
27-Aug-12,1.2514
28-Aug-12,1.2564
29-Aug-12,1.2538
30-Aug-12,1.2497
31-Aug-12,1.2578
04-Sep-12,1.2566
05-Sep-12,1.2603
06-Sep-12,1.2626
07-Sep-12,1.2796
10-Sep-12,1.2795
11-Sep-12,1.2858
12-Sep-12,1.2894
13-Sep-12,1.2912
14-Sep-12,1.3142
17-Sep-12,1.3125
18-Sep-12,1.3051
19-Sep-12,1.3065
20-Sep-12,1.2948
21-Sep-12,1.299
24-Sep-12,1.2909
25-Sep-12,1.2945
26-Sep-12,1.2852
27-Sep-12,1.2874
28-Sep-12,1.2856
01-Oct-12,1.29
02-Oct-12,1.2951
03-Oct-12,1.2909
04-Oct-12,1.3001
05-Oct-12,1.3059
09-Oct-12,1.2876
10-Oct-12,1.2888
11-Oct-12,1.2928
12-Oct-12,1.2946
15-Oct-12,1.295
16-Oct-12,1.3036
17-Oct-12,1.3133
18-Oct-12,1.3106
19-Oct-12,1.3022
22-Oct-12,1.3063
23-Oct-12,1.2971
24-Oct-12,1.2946
25-Oct-12,1.2958
26-Oct-12,1.2938
29-Oct-12,1.2906
30-Oct-12,1.2979
31-Oct-12,1.2958
01-Nov-12,1.2937
02-Nov-12,1.2848
05-Nov-12,1.279
06-Nov-12,1.2818
07-Nov-12,1.2759
08-Nov-12,1.274
09-Nov-12,1.2715
13-Nov-12,1.2716
14-Nov-12,1.274
15-Nov-12,1.2783
16-Nov-12,1.2715
19-Nov-12,1.2806
20-Nov-12,1.2814
21-Nov-12,1.2816
23-Nov-12,1.2959
26-Nov-12,1.2966
27-Nov-12,1.294
28-Nov-12,1.2923
29-Nov-12,1.2953
30-Nov-12,1.301
03-Dec-12,1.3066
04-Dec-12,1.3081
05-Dec-12,1.3077
06-Dec-12,1.2968
07-Dec-12,1.2942
10-Dec-12,1.293
11-Dec-12,1.2992
12-Dec-12,1.3038
13-Dec-12,1.3077
14-Dec-12,1.3134
17-Dec-12,1.3169
18-Dec-12,1.3224
19-Dec-12,1.326
20-Dec-12,1.3224
21-Dec-12,1.3166
24-Dec-12,1.3179
26-Dec-12,1.3228
27-Dec-12,1.3228
28-Dec-12,1.322
31-Dec-12,1.3186
02-Jan-13,1.3195
03-Jan-13,1.311
04-Jan-13,1.3047
07-Jan-13,1.3099
08-Jan-13,1.3068
09-Jan-13,1.3078
10-Jan-13,1.322
11-Jan-13,1.3353
14-Jan-13,1.3369
15-Jan-13,1.3342
16-Jan-13,1.3305
17-Jan-13,1.3356
18-Jan-13,1.3303
22-Jan-13,1.3304
23-Jan-13,1.3308
24-Jan-13,1.3378
25-Jan-13,1.3456
28-Jan-13,1.3459
29-Jan-13,1.3484
30-Jan-13,1.3564
31-Jan-13,1.3584
01-Feb-13,1.3692
04-Feb-13,1.3527
05-Feb-13,1.3569
06-Feb-13,1.3528
07-Feb-13,1.3382
08-Feb-13,1.3366
11-Feb-13,1.3414
12-Feb-13,1.345
13-Feb-13,1.3448
14-Feb-13,1.3334
15-Feb-13,1.3362
19-Feb-13,1.3387
20-Feb-13,1.335
21-Feb-13,1.3204
22-Feb-13,1.3166
25-Feb-13,1.3172
26-Feb-13,1.3054
27-Feb-13,1.3104
28-Feb-13,1.3079
01-Mar-13,1.2988
04-Mar-13,1.2996
05-Mar-13,1.3019
06-Mar-13,1.299
07-Mar-13,1.3098
08-Mar-13,1.2992
11-Mar-13,1.3014
12-Mar-13,1.3023
13-Mar-13,1.2949
14-Mar-13,1.2974
15-Mar-13,1.3076
18-Mar-13,1.2956
19-Mar-13,1.2888
20-Mar-13,1.295
21-Mar-13,1.2928
22-Mar-13,1.2996
25-Mar-13,1.2881
26-Mar-13,1.2858
27-Mar-13,1.2782
28-Mar-13,1.2842
29-Mar-13,1.2816
01-Apr-13,1.2857
02-Apr-13,1.2836
03-Apr-13,1.2847
04-Apr-13,1.2854
05-Apr-13,1.3027
08-Apr-13,1.3008
09-Apr-13,1.3092
10-Apr-13,1.306
11-Apr-13,1.3124
12-Apr-13,1.3094
15-Apr-13,1.3082
16-Apr-13,1.3141
17-Apr-13,1.3049
18-Apr-13,1.3072
19-Apr-13,1.3066
22-Apr-13,1.305
23-Apr-13,1.3012
24-Apr-13,1.2997
25-Apr-13,1.3004
26-Apr-13,1.3024
29-Apr-13,1.309
30-Apr-13,1.3168
01-May-13,1.3192
02-May-13,1.3066
03-May-13,1.3112
06-May-13,1.3067
07-May-13,1.3085
08-May-13,1.3177
09-May-13,1.3105
10-May-13,1.2955
13-May-13,1.2981
14-May-13,1.2969
15-May-13,1.2857
16-May-13,1.2898
17-May-13,1.2818
20-May-13,1.2865
21-May-13,1.291
22-May-13,1.2864
23-May-13,1.2944
24-May-13,1.292
28-May-13,1.287
29-May-13,1.2944
30-May-13,1.3042
31-May-13,1.2988
03-Jun-13,1.3098
04-Jun-13,1.3075
05-Jun-13,1.3088
06-Jun-13,1.3248
07-Jun-13,1.3242
10-Jun-13,1.3234
11-Jun-13,1.3278
12-Jun-13,1.3354
13-Jun-13,1.3314
14-Jun-13,1.333
17-Jun-13,1.3341
18-Jun-13,1.3407
19-Jun-13,1.3404
20-Jun-13,1.3214
21-Jun-13,1.3113
24-Jun-13,1.3091
25-Jun-13,1.308
26-Jun-13,1.3006
27-Jun-13,1.3016
28-Jun-13,1.301
01-Jul-13,1.306
02-Jul-13,1.3017
03-Jul-13,1.3005
05-Jul-13,1.2831
08-Jul-13,1.2863
09-Jul-13,1.2774
10-Jul-13,1.2846
11-Jul-13,1.3046
12-Jul-13,1.3048
15-Jul-13,1.3039
16-Jul-13,1.3144
17-Jul-13,1.3094
18-Jul-13,1.3078
19-Jul-13,1.3142
22-Jul-13,1.3193
23-Jul-13,1.3212
24-Jul-13,1.3228
25-Jul-13,1.3234
26-Jul-13,1.3269
29-Jul-13,1.3262
30-Jul-13,1.3266
31-Jul-13,1.3282
01-Aug-13,1.3217
02-Aug-13,1.3268
05-Aug-13,1.3257
06-Aug-13,1.3296
07-Aug-13,1.3329
08-Aug-13,1.3392
09-Aug-13,1.3338
12-Aug-13,1.3312
13-Aug-13,1.3247
14-Aug-13,1.3256
15-Aug-13,1.3263
16-Aug-13,1.3321
19-Aug-13,1.3348
20-Aug-13,1.3426
21-Aug-13,1.3368
22-Aug-13,1.3362
23-Aug-13,1.3392
26-Aug-13,1.3369
27-Aug-13,1.3387
28-Aug-13,1.3326
29-Aug-13,1.3228
30-Aug-13,1.3196
03-Sep-13,1.3164
04-Sep-13,1.3212
05-Sep-13,1.312
06-Sep-13,1.3166
09-Sep-13,1.326
10-Sep-13,1.326
11-Sep-13,1.3301
12-Sep-13,1.3315
13-Sep-13,1.3276
16-Sep-13,1.335
17-Sep-13,1.3357
18-Sep-13,1.3351
19-Sep-13,1.3527
20-Sep-13,1.3522
23-Sep-13,1.352
24-Sep-13,1.349
25-Sep-13,1.3536
26-Sep-13,1.3484
27-Sep-13,1.3537
30-Sep-13,1.3535
01-Oct-13,1.3534
02-Oct-13,1.3592
03-Oct-13,1.3642
04-Oct-13,1.3582
07-Oct-13,1.3569
08-Oct-13,1.3582
09-Oct-13,1.3513
10-Oct-13,1.3535
11-Oct-13,1.3559
15-Oct-13,1.3494
16-Oct-13,1.349
17-Oct-13,1.3664
18-Oct-13,1.3693
21-Oct-13,1.3672
22-Oct-13,1.3778
23-Oct-13,1.3786
24-Oct-13,1.381
25-Oct-13,1.3794
28-Oct-13,1.3786
29-Oct-13,1.377
30-Oct-13,1.3771
31-Oct-13,1.3594
01-Nov-13,1.3488
04-Nov-13,1.3516
05-Nov-13,1.347
06-Nov-13,1.353
07-Nov-13,1.339
08-Nov-13,1.3357
12-Nov-13,1.3428
13-Nov-13,1.3456
14-Nov-13,1.3468
15-Nov-13,1.348
18-Nov-13,1.352
19-Nov-13,1.3529
20-Nov-13,1.3451
21-Nov-13,1.347
22-Nov-13,1.3547
25-Nov-13,1.3502
26-Nov-13,1.3555
27-Nov-13,1.3563
29-Nov-13,1.3606
02-Dec-13,1.3552
03-Dec-13,1.3604
04-Dec-13,1.3555
05-Dec-13,1.3664
06-Dec-13,1.369
09-Dec-13,1.3726
10-Dec-13,1.3765
11-Dec-13,1.3798
12-Dec-13,1.3752
13-Dec-13,1.3724
16-Dec-13,1.3757
17-Dec-13,1.3748
18-Dec-13,1.3766
19-Dec-13,1.3666
20-Dec-13,1.3673
23-Dec-13,1.3701
24-Dec-13,1.3676
26-Dec-13,1.369
27-Dec-13,1.3766
30-Dec-13,1.3816
31-Dec-13,1.3779
02-Jan-14,1.367
03-Jan-14,1.3606
06-Jan-14,1.3636
07-Jan-14,1.3618
08-Jan-14,1.3586
09-Jan-14,1.3591
10-Jan-14,1.3664
13-Jan-14,1.3647
14-Jan-14,1.3682
15-Jan-14,1.3604
16-Jan-14,1.36
17-Jan-14,1.3554
21-Jan-14,1.356
22-Jan-14,1.3546
23-Jan-14,1.368
24-Jan-14,1.368
27-Jan-14,1.3679
28-Jan-14,1.3662
29-Jan-14,1.3663
30-Jan-14,1.3549
31-Jan-14,1.35
03-Feb-14,1.3523
04-Feb-14,1.3507
05-Feb-14,1.3519
06-Feb-14,1.3604
07-Feb-14,1.3614
10-Feb-14,1.3644
11-Feb-14,1.3654
12-Feb-14,1.3592
13-Feb-14,1.3669
14-Feb-14,1.369
18-Feb-14,1.3758
19-Feb-14,1.3762
20-Feb-14,1.369
21-Feb-14,1.3722
24-Feb-14,1.3744
25-Feb-14,1.3749
26-Feb-14,1.3668
27-Feb-14,1.3724
28-Feb-14,1.3806
03-Mar-14,1.3763
04-Mar-14,1.3731
05-Mar-14,1.3734
06-Mar-14,1.3848
07-Mar-14,1.3868
10-Mar-14,1.388
11-Mar-14,1.3867
12-Mar-14,1.3904
13-Mar-14,1.3927
14-Mar-14,1.3924
17-Mar-14,1.3927
18-Mar-14,1.3913
19-Mar-14,1.391
20-Mar-14,1.3784
21-Mar-14,1.3783
24-Mar-14,1.3784
25-Mar-14,1.3777
26-Mar-14,1.3786
27-Mar-14,1.3752
28-Mar-14,1.3753
31-Mar-14,1.3777
01-Apr-14,1.3804
02-Apr-14,1.3761
03-Apr-14,1.3708
04-Apr-14,1.3704
07-Apr-14,1.3745
08-Apr-14,1.3802
09-Apr-14,1.3816
10-Apr-14,1.3892
11-Apr-14,1.3898
14-Apr-14,1.3824
15-Apr-14,1.3806
16-Apr-14,1.382
17-Apr-14,1.3832
18-Apr-14,1.3816
21-Apr-14,1.379
22-Apr-14,1.3804
23-Apr-14,1.3814
24-Apr-14,1.3828
25-Apr-14,1.3838
28-Apr-14,1.3844
29-Apr-14,1.3808
30-Apr-14,1.387
01-May-14,1.3867
02-May-14,1.3864
05-May-14,1.3884
06-May-14,1.3924
07-May-14,1.3917
08-May-14,1.3864
09-May-14,1.3763
12-May-14,1.376
13-May-14,1.3711
14-May-14,1.3718
15-May-14,1.3712
16-May-14,1.3708
19-May-14,1.3716
20-May-14,1.3702
21-May-14,1.3657
22-May-14,1.3652
23-May-14,1.3628
27-May-14,1.3618
28-May-14,1.3596
29-May-14,1.3608
30-May-14,1.364
02-Jun-14,1.3606
03-Jun-14,1.3624
04-Jun-14,1.3619
05-Jun-14,1.3618
06-Jun-14,1.3639
09-Jun-14,1.3589
10-Jun-14,1.3543
11-Jun-14,1.3532
12-Jun-14,1.3556
13-Jun-14,1.3522
16-Jun-14,1.3578
17-Jun-14,1.3543
18-Jun-14,1.3567
19-Jun-14,1.362
20-Jun-14,1.3586
23-Jun-14,1.3593
24-Jun-14,1.3588
25-Jun-14,1.3638
26-Jun-14,1.361
27-Jun-14,1.3631
30-Jun-14,1.369
01-Jul-14,1.3681
02-Jul-14,1.3656
03-Jul-14,1.361
07-Jul-14,1.3604
08-Jul-14,1.3614
09-Jul-14,1.363
10-Jul-14,1.36
11-Jul-14,1.3598
14-Jul-14,1.362
15-Jul-14,1.3573
16-Jul-14,1.353
17-Jul-14,1.353
18-Jul-14,1.3515
21-Jul-14,1.3524
22-Jul-14,1.347
23-Jul-14,1.3462
24-Jul-14,1.3468
25-Jul-14,1.3431
28-Jul-14,1.344
29-Jul-14,1.341
30-Jul-14,1.3378
31-Jul-14,1.339
01-Aug-14,1.3436
04-Aug-14,1.3414
05-Aug-14,1.3366
06-Aug-14,1.3355
07-Aug-14,1.3362
08-Aug-14,1.3412
11-Aug-14,1.3385
12-Aug-14,1.3357
13-Aug-14,1.3367
14-Aug-14,1.3376
15-Aug-14,1.3392
18-Aug-14,1.3358
19-Aug-14,1.332
20-Aug-14,1.3284
21-Aug-14,1.3284
22-Aug-14,1.3237
25-Aug-14,1.3206
26-Aug-14,1.3189
27-Aug-14,1.3192
28-Aug-14,1.3178
29-Aug-14,1.315
02-Sep-14,1.3124
03-Sep-14,1.3136
04-Sep-14,1.2926
05-Sep-14,1.2956
08-Sep-14,1.2948
09-Sep-14,1.2909
10-Sep-14,1.2908
11-Sep-14,1.2936
12-Sep-14,1.2955
15-Sep-14,1.2951
16-Sep-14,1.2976
17-Sep-14,1.2958
18-Sep-14,1.2913
19-Sep-14,1.2835
22-Sep-14,1.2829
23-Sep-14,1.2858
24-Sep-14,1.2788
25-Sep-14,1.2748
26-Sep-14,1.2686
29-Sep-14,1.2703
30-Sep-14,1.2628
01-Oct-14,1.2618
02-Oct-14,1.267
03-Oct-14,1.2517
06-Oct-14,1.2592
07-Oct-14,1.2626
08-Oct-14,1.2683
09-Oct-14,1.2683
10-Oct-14,1.2636
14-Oct-14,1.266
15-Oct-14,1.2778
16-Oct-14,1.2812
17-Oct-14,1.2755
20-Oct-14,1.2783
21-Oct-14,1.2724
22-Oct-14,1.2658
23-Oct-14,1.2658
24-Oct-14,1.2675
27-Oct-14,1.2712
28-Oct-14,1.2747
29-Oct-14,1.2762
30-Oct-14,1.2622
31-Oct-14,1.253
03-Nov-14,1.2487
04-Nov-14,1.2554
05-Nov-14,1.2488
06-Nov-14,1.2414
07-Nov-14,1.2422
10-Nov-14,1.2425
12-Nov-14,1.2456
13-Nov-14,1.2476
14-Nov-14,1.2494
17-Nov-14,1.2447
18-Nov-14,1.2534
19-Nov-14,1.2548
20-Nov-14,1.2526
21-Nov-14,1.2394
24-Nov-14,1.2427
25-Nov-14,1.2472
26-Nov-14,1.2503
28-Nov-14,1.2438
01-Dec-14,1.249
02-Dec-14,1.239
03-Dec-14,1.2304
04-Dec-14,1.2432
05-Dec-14,1.2304
08-Dec-14,1.2292
09-Dec-14,1.2415
10-Dec-14,1.2425
11-Dec-14,1.2397
12-Dec-14,1.2484
15-Dec-14,1.247
16-Dec-14,1.2504
17-Dec-14,1.2406
18-Dec-14,1.2291
19-Dec-14,1.2235
22-Dec-14,1.2252
23-Dec-14,1.218
24-Dec-14,1.2188
29-Dec-14,1.2179
30-Dec-14,1.2174
31-Dec-14,1.2101
02-Jan-15,1.2015
05-Jan-15,1.1918
06-Jan-15,1.1936
07-Jan-15,1.182
08-Jan-15,1.1811
09-Jan-15,1.183
12-Jan-15,1.1832
13-Jan-15,1.1779
14-Jan-15,1.1806
15-Jan-15,1.1598
16-Jan-15,1.1517
20-Jan-15,1.1559
21-Jan-15,1.1584
22-Jan-15,1.1414
23-Jan-15,1.1279
26-Jan-15,1.129
27-Jan-15,1.137
28-Jan-15,1.1342
29-Jan-15,1.1308
30-Jan-15,1.129
02-Feb-15,1.1337
03-Feb-15,1.1462
04-Feb-15,1.1418
05-Feb-15,1.1432
06-Feb-15,1.133
09-Feb-15,1.1316
10-Feb-15,1.1316
11-Feb-15,1.13
12-Feb-15,1.141
13-Feb-15,1.1408
17-Feb-15,1.1395
18-Feb-15,1.1342
19-Feb-15,1.1392
20-Feb-15,1.1372
23-Feb-15,1.1346
24-Feb-15,1.1307
25-Feb-15,1.1363
26-Feb-15,1.1212
27-Feb-15,1.1197
02-Mar-15,1.119
03-Mar-15,1.1212
04-Mar-15,1.107
05-Mar-15,1.1006
06-Mar-15,1.0855
09-Mar-15,1.0846
10-Mar-15,1.0707
11-Mar-15,1.0576
12-Mar-15,1.0615
13-Mar-15,1.0524
16-Mar-15,1.0575
17-Mar-15,1.0605
18-Mar-15,1.0643
19-Mar-15,1.0621
20-Mar-15,1.0792
23-Mar-15,1.0928
24-Mar-15,1.0908
25-Mar-15,1.0986
26-Mar-15,1.0919
27-Mar-15,1.0891
30-Mar-15,1.0818
31-Mar-15,1.0741
01-Apr-15,1.0768
02-Apr-15,1.0874
03-Apr-15,1.099
06-Apr-15,1.1008
07-Apr-15,1.085
08-Apr-15,1.0818
09-Apr-15,1.0671
10-Apr-15,1.0598
13-Apr-15,1.0582
14-Apr-15,1.0672
15-Apr-15,1.0596
16-Apr-15,1.0742
17-Apr-15,1.078
20-Apr-15,1.0763
21-Apr-15,1.0758
22-Apr-15,1.0729
23-Apr-15,1.0803
24-Apr-15,1.0876
27-Apr-15,1.0892
28-Apr-15,1.0979
29-Apr-15,1.1174
30-Apr-15,1.1162
01-May-15,1.1194
04-May-15,1.1145
05-May-15,1.1174
06-May-15,1.1345
07-May-15,1.1283
08-May-15,1.1241
11-May-15,1.1142
12-May-15,1.124
13-May-15,1.1372
14-May-15,1.1368
15-May-15,1.1428
18-May-15,1.1354
19-May-15,1.1151
20-May-15,1.1079
21-May-15,1.1126
22-May-15,1.1033
26-May-15,1.0876
27-May-15,1.0888
28-May-15,1.0914
29-May-15,1.0994
01-Jun-15,1.0913
02-Jun-15,1.113
03-Jun-15,1.1285
04-Jun-15,1.1271
05-Jun-15,1.1108
08-Jun-15,1.1232
09-Jun-15,1.1284
10-Jun-15,1.1307
11-Jun-15,1.1236
12-Jun-15,1.1278
15-Jun-15,1.1266
16-Jun-15,1.1238
17-Jun-15,1.1244
18-Jun-15,1.1404
19-Jun-15,1.1335
22-Jun-15,1.1378
23-Jun-15,1.119
24-Jun-15,1.1178
25-Jun-15,1.1196
26-Jun-15,1.1156
29-Jun-15,1.118
30-Jun-15,1.1154
01-Jul-15,1.1084
02-Jul-15,1.109
06-Jul-15,1.1076
07-Jul-15,1.0952
08-Jul-15,1.1072
09-Jul-15,1.1025
10-Jul-15,1.115
13-Jul-15,1.102
14-Jul-15,1.1015
15-Jul-15,1.0965
16-Jul-15,1.0898
17-Jul-15,1.0848
20-Jul-15,1.085
21-Jul-15,1.0927
22-Jul-15,1.0884
23-Jul-15,1.0976
24-Jul-15,1.0976
27-Jul-15,1.1112
28-Jul-15,1.1055
29-Jul-15,1.1026
30-Jul-15,1.0914
31-Jul-15,1.1028
03-Aug-15,1.0962
04-Aug-15,1.0953
05-Aug-15,1.0868
06-Aug-15,1.0922
07-Aug-15,1.0958
10-Aug-15,1.0994
11-Aug-15,1.1042
12-Aug-15,1.1198
13-Aug-15,1.1144
14-Aug-15,1.111
17-Aug-15,1.1078
18-Aug-15,1.1028
19-Aug-15,1.1061
20-Aug-15,1.12
21-Aug-15,1.1356
24-Aug-15,1.158
25-Aug-15,1.141
26-Aug-15,1.139
27-Aug-15,1.1239
28-Aug-15,1.1172
31-Aug-15,1.1194
01-Sep-15,1.1263
02-Sep-15,1.1242
03-Sep-15,1.1104
04-Sep-15,1.1117
08-Sep-15,1.1182
09-Sep-15,1.1165
10-Sep-15,1.1262
11-Sep-15,1.1338
14-Sep-15,1.1307
15-Sep-15,1.126
16-Sep-15,1.1304
17-Sep-15,1.1312
18-Sep-15,1.1358
21-Sep-15,1.1204
22-Sep-15,1.1133
23-Sep-15,1.116
24-Sep-15,1.1252
25-Sep-15,1.1192
28-Sep-15,1.1236
29-Sep-15,1.1246
30-Sep-15,1.1162
01-Oct-15,1.12
02-Oct-15,1.1276
05-Oct-15,1.12
06-Oct-15,1.1266
07-Oct-15,1.1249
08-Oct-15,1.1282
09-Oct-15,1.1363
13-Oct-15,1.1382
14-Oct-15,1.1437
15-Oct-15,1.1418
16-Oct-15,1.136
19-Oct-15,1.132
20-Oct-15,1.1359
21-Oct-15,1.1345
22-Oct-15,1.114
23-Oct-15,1.1016
26-Oct-15,1.1051
27-Oct-15,1.1052
28-Oct-15,1.1066
29-Oct-15,1.0963
30-Oct-15,1.1042
02-Nov-15,1.1026
03-Nov-15,1.0946
04-Nov-15,1.0861
05-Nov-15,1.0869
06-Nov-15,1.0746
09-Nov-15,1.0767
10-Nov-15,1.0686
12-Nov-15,1.0768
13-Nov-15,1.0722
16-Nov-15,1.0708
17-Nov-15,1.0634
18-Nov-15,1.0638
19-Nov-15,1.0746
20-Nov-15,1.066
23-Nov-15,1.0602
24-Nov-15,1.0652
25-Nov-15,1.0616
27-Nov-15,1.0596
30-Nov-15,1.0562
01-Dec-15,1.062
02-Dec-15,1.0573
03-Dec-15,1.0902
04-Dec-15,1.0884
07-Dec-15,1.084
08-Dec-15,1.0876
09-Dec-15,1.0984
10-Dec-15,1.0948
11-Dec-15,1.1002
14-Dec-15,1.1025
15-Dec-15,1.0911
16-Dec-15,1.0937
17-Dec-15,1.0804
18-Dec-15,1.0847
21-Dec-15,1.092
22-Dec-15,1.0978
23-Dec-15,1.0875
24-Dec-15,1.0955
28-Dec-15,1.0983
29-Dec-15,1.0916
30-Dec-15,1.0912
31-Dec-15,1.0859
04-Jan-16,1.0803
05-Jan-16,1.0743
06-Jan-16,1.0762
07-Jan-16,1.086
08-Jan-16,1.0885
11-Jan-16,1.0878
12-Jan-16,1.0837
13-Jan-16,1.0862
14-Jan-16,1.0862
15-Jan-16,1.0964
19-Jan-16,1.0906
20-Jan-16,1.0908
21-Jan-16,1.0833
22-Jan-16,1.0814
25-Jan-16,1.0832
26-Jan-16,1.0846
27-Jan-16,1.0867
28-Jan-16,1.0952
29-Jan-16,1.0832
01-Feb-16,1.0888
02-Feb-16,1.0908
03-Feb-16,1.1051
04-Feb-16,1.1199
05-Feb-16,1.1131
08-Feb-16,1.117
09-Feb-16,1.13
10-Feb-16,1.1222
11-Feb-16,1.1362
12-Feb-16,1.1235
16-Feb-16,1.114
17-Feb-16,1.114
18-Feb-16,1.1092
19-Feb-16,1.1127
22-Feb-16,1.1018
23-Feb-16,1.1016
24-Feb-16,1.1021
25-Feb-16,1.1026
26-Feb-16,1.0932
29-Feb-16,1.0868
01-Mar-16,1.0847
02-Mar-16,1.0845
03-Mar-16,1.0948
04-Mar-16,1.101
07-Mar-16,1.1004
08-Mar-16,1.1028
09-Mar-16,1.1022
10-Mar-16,1.1162
11-Mar-16,1.118
14-Mar-16,1.1107
15-Mar-16,1.1112
16-Mar-16,1.1075
17-Mar-16,1.1316
18-Mar-16,1.1292
21-Mar-16,1.126
22-Mar-16,1.1228
23-Mar-16,1.1174
24-Mar-16,1.1163
25-Mar-16,1.1164
28-Mar-16,1.121
29-Mar-16,1.1204
30-Mar-16,1.133
31-Mar-16,1.139
01-Apr-16,1.1385
04-Apr-16,1.1386
05-Apr-16,1.1374
06-Apr-16,1.143
07-Apr-16,1.1386
08-Apr-16,1.1406
11-Apr-16,1.1412
12-Apr-16,1.1395
13-Apr-16,1.1281
14-Apr-16,1.1262
15-Apr-16,1.1295
18-Apr-16,1.1322
19-Apr-16,1.1375
20-Apr-16,1.133
21-Apr-16,1.1301
22-Apr-16,1.1239
25-Apr-16,1.1274
26-Apr-16,1.1318
27-Apr-16,1.1322
28-Apr-16,1.1325
29-Apr-16,1.1441
02-May-16,1.1516
03-May-16,1.1508
04-May-16,1.1486
05-May-16,1.1404
06-May-16,1.1421
09-May-16,1.1402
10-May-16,1.1386
11-May-16,1.1444
12-May-16,1.138
13-May-16,1.1294
16-May-16,1.1328
17-May-16,1.1337
18-May-16,1.1276
19-May-16,1.1214
20-May-16,1.1207
23-May-16,1.1192
24-May-16,1.1145
25-May-16,1.1154
26-May-16,1.1184
27-May-16,1.114
31-May-16,1.1135
01-Jun-16,1.1165
02-Jun-16,1.1157
03-Jun-16,1.133
06-Jun-16,1.1354
07-Jun-16,1.135
08-Jun-16,1.14
09-Jun-16,1.1329
10-Jun-16,1.1281
13-Jun-16,1.1282
14-Jun-16,1.1206
15-Jun-16,1.1239
16-Jun-16,1.1158
17-Jun-16,1.1256
20-Jun-16,1.1318
21-Jun-16,1.1262
22-Jun-16,1.1286
23-Jun-16,1.1373
24-Jun-16,1.1126
27-Jun-16,1.1024
28-Jun-16,1.1054
29-Jun-16,1.1117
30-Jun-16,1.1032
01-Jul-16,1.1145
05-Jul-16,1.108
06-Jul-16,1.1077
07-Jul-16,1.1065
08-Jul-16,1.1038
11-Jul-16,1.1045
12-Jul-16,1.1074
13-Jul-16,1.1112
14-Jul-16,1.1109
15-Jul-16,1.1059
18-Jul-16,1.1076
19-Jul-16,1.1014
20-Jul-16,1.1007
21-Jul-16,1.1016
22-Jul-16,1.0968
25-Jul-16,1.098
26-Jul-16,1.0984
27-Jul-16,1.0988
28-Jul-16,1.1094
29-Jul-16,1.1168
01-Aug-16,1.1176
02-Aug-16,1.1225
03-Aug-16,1.117
04-Aug-16,1.1134
05-Aug-16,1.108
